nom,prénom,email,département,naissance,visites,dépenses
Gilles,Lucy,lgilles2@noos.fr,59,1945-07-26,99,10039.06
Chauvin,Monique,mchauvin3@ifrance.com,37,1955-08-22,134,-18630.66
Martel,Auguste,amartel3@tiscali.fr,63,1987-09-25,117,7530.4
Lefebvre,Michel,mlefebvre3@free.fr,2C,2005-13-29,99,11067.22
Normand,Tristan,tnormand@hotmail.fr,46,1990-04-12,69,2403.28
Denis,Zacharie,zdenis@voila.fr,33,1940-02-02,75,2204.66
Buisson,Victoire,vbuisson@free.fr,25,1947-08-18,43,-390.94
Baron,Gilles,gbaron@laposte.net,81,2005-03-16,85,4249.51
Lebon,Alice,alebon@live.com,51,1994-12-16,51,4179.95
Bousquet,Clémence,cbousquet@club-internet.fr,2C,1981-12-17,136,7374.01
Hamel,Charlotte,chamel1@tele2.fr,17,1944-02-16,123,4760.31
Dijoux,Andrée,adijoux@free.fr,976,1985-07-28,42,2603.23
Thomas,Alice,athomas@tele2.fr,11,1961-01-29,107,6397.84
Legros,Véronique,vlegros@laposte.net,53,1954-12-29,129,13204.53
Clerc,Michelle,mclerc1@noos.fr,46,1990-03-23,59,1707.83
Leduc,Noël,nleduc@bouygtel.fr,87,1982-03-06,12,997.03
Bertrand,Amélie,abertrand1@laposte.net,01,1961-08-29,114,16186.23
Gilles,Honoré,hgilles@voila.fr,08,1987-09-12,72,8671.59
Moulin,Isabelle,imoulin@sfr.fr,90,1968-03-02,117,6703.09
Chretien,Océane,ochretien@orange.fr,28,1990-05-19,74,1804.81
Prevost,Maggie,mprevost1@tele2.fr,30,1981-09-09,95,8104.15
Georges,David,dgeorges.yahoo.fr,51,1955-01-27,142,19082.25
Grondin,Alexandre,agrondin@tiscali.fr,02,2014-14-32,33,3439.84
Lefebvre,Éléonore,elefebvre@tele2.fr,978,2020-10-32,71,1818.42
Dos Santos,Michèle,mdos santos2@free.fr,83,1991-05-02,139,13695.34
Huet,Nath,nhuet@hotmail.fr,82,1987-11-17,79,-2001.44
Besson,Antoinette,abesson1@hotmail.fr,59,1986-11-21,100,10581.8
Henry,Colette,chenry@ifrance.com,60,1989-02-01,62,3119.2
Rodrigues,Jules,jrodrigues@free.fr,25,1953-01-03,84,5922.54
Mahe,Nath,nmahe@live.com,974,1977-04-08,50,-6005.68
Michel,Charles,cmichel@dbmail.com,2B,1975-06-18,67,7776.84
Joubert,Maryse,mjoubert1@yahoo.fr,37,2001-08-06,77,10055.19
Blondel,Clémence,cblondel@hotmail.fr,40,1988-08-22,134,2002.29
Marin,Lucy,lmarin@sfr.fr,977,1962-12-04,93,3031.88
Delahaye,Patrick,pdelahaye@tele2.fr,62,1954-06-09,69,5529.62
Bonneau,Bertrand,bbonneau.bouygtel.fr,52,1940-07-14,58,-4406.8
Pruvost,Marianne,mpruvost3@gmail.com,52,1969-10-05,3,324.97
Lefevre,Adélaïde,alefevre1@yahoo.fr,77,1953-06-17,25,2600.13
Fouquet,Alfred,afouquet1@dbmail.com,977,1940-04-19,-108,-6979.3
Perez,Agathe,aperez1@free.fr,48,1971-03-12,18,929.6
Marques,Marcelle,mmarques1@tele2.fr,93,1948-05-16,20,2254.2
Descamps,Maggie,mdescamps3@gmail.com,19,2002-08-26,10,1115.01
Marin,Adèle,amarin.wanadoo.fr,65,1953-07-23,126,-383.98
Meunier,Suzanne,smeunier@hotmail.fr,93,1952-12-15,121,1718.71
Loiseau,Suzanne,sloiseau@bouygtel.fr,41,1945-12-12,63,149.44
Marchand,Claire,cmarchand1@live.com,44,1976-05-12,135,11604.76
Charrier,Philippe,pcharrier@orange.fr,72,1981-08-31,77,6231.68
Humbert,David,dhumbert.gmail.com,39,1992-02-16,28,2335.48
Boulay,Isaac,iboulay@free.fr,17,1957-11-26,15,160.24
Godard,Victor,vgodard2@club-internet.fr,26,2018-14-31,137,14340.17
Gilbert,Audrey,,87,2001-09-21,115,10628.11
Da Silva,Luce,lda silva1@orange.fr,2C,1959-02-26,117,17675.68
Hebert,Véronique,vhebert@sfr.fr,26,1973-05-16,5,28.95
Lelievre,Noël,nlelievre@voila.fr,25,1941-10-10,21,868.02
Reynaud,Luce,lreynaud1@hotmail.fr,09,2019-13-31,-50,-2444.38
Riou,Monique,mriou1@laposte.net,30,1981-01-07,35,3685.5
Lemaitre,Jacqueline,jlemaitre3@noos.fr,28,1966-08-08,104,11122.91
Blin,Timothée,tblin@dbmail.com,04,1940-01-17,2,113.25
Gomez,Martine,mgomez@hotmail.fr,11,2007-13-28,8,1049.43
Petit,Luc,lpetit2@tele2.fr,96,1966-12-19,138,819.81
Merle,Lucy,lmerle1@hotmail.fr,976,1962-03-24,62,685.58
Herve,Charlotte,cherve1@bouygtel.fr,977,1991-07-06,12,588.31
Pages,Aimé,apages@free.fr,81,1993-01-16,2,208.78
Leconte,Marcelle,mleconte1@dbmail.com,89,1988-08-14,84,10796.85
Evrard,Jeannine,jevrard@sfr.fr,14,1995-05-30,143,17574.13
Nguyen,Maryse,mnguyen2@tiscali.fr,41,1951-03-23,15,1285.81
Etienne,Océane,oetienne@sfr.fr,04,2020-10-28,46,4405.65
Louis,Paul,plouis1@live.com,978,1966-10-11,39,4195.09
Thierry,Madeleine,mthierry@live.com,2C,1940-09-09,89,11180.72
Robin,Thierry,trobin@wanadoo.fr,95,1953-11-05,13,1800.87
Lamy,Caroline,clamy1@tiscali.fr,44,2002-10-08,108,12652.41
Poirier,Emmanuelle,epoirier1@free.fr,73,2018-12-30,117,7865.72
Bertrand,Antoinette,abertrand3@free.fr,49,1966-11-15,138,16583.92
Guyon,Bernadette,bguyon@dbmail.com,79,1987-05-21,62,8205.64
Vallee,Louis,lvallee1@yahoo.fr,93,1963-05-30,17,-1906.96
Besson,Nicolas,nbesson@voila.fr,72,2000-04-23,24,2920.93
Dumas,Stéphane,sdumas@yahoo.fr,58,1944-08-12,125,791.33
Peltier,Dominique,dpeltier2@free.fr,19,1987-01-03,26,1493.91
Huet,Roland,rhuet1@gmail.com,61,1994-04-05,69,1817.99
Diaz,Monique,mdiaz1@wanadoo.fr,72,1991-03-30,114,10453.77
Legros,Victor,vlegros@club-internet.fr,31,1997-10-02,150,6971.11
Leblanc,Christophe,cleblanc@hotmail.fr,95,1995-08-02,8,-425.16
Girard,Étienne,egirard@sfr.fr,06,1950-02-11,132,4021.07
Petitjean,Anaïs,apetitjean1@gmail.com,94,1956-05-03,95,8917.97
Leconte,Alain,aleconte1@tele2.fr,29,2004-07-26,-10,-139.91
Raymond,Manon,mraymond2@tiscali.fr,19,1988-05-12,32,1845.77
Fabre,Monique,mfabre1@dbmail.com,45,1965-01-14,125,17610.29
Roche,Pénélope,proche@wanadoo.fr,64,1969-12-08,-44,-1063.65
Boutin,Sylvie,sboutin1@noos.fr,69,2014-13-32,135,18038.87
Dupont,Michel,mdupont.free.fr,83,2006-12-35,48,4806.35
Chevallier,Arnaude,achevallier1@free.fr,974,1948-07-01,60,-1685.84
Weber,Zacharie,zweber@tele2.fr,19,1987-12-10,111,14802.56
Diallo,Émile,ediallo@ifrance.com,83,1996-02-07,140,6238.04
Texier,Stéphane,stexier@tiscali.fr,972,1976-01-21,56,2727.07
Mary,Christiane,cmary@hotmail.fr,87,1952-04-04,142,5668.77
Leblanc,Juliette,jleblanc@wanadoo.fr,46,1945-06-08,108,10125.6
Michel,Édith,emichel.club-internet.fr,30,1971-07-06,20,1518.75
Delmas,Danielle,ddelmas@tele2.fr,39,1992-03-16,22,2465.84
Vallet,Antoine,avallet1@club-internet.fr,53,1992-08-29,13,1650.09
Tessier,Tristan,ttessier@bouygtel.fr,89,2005-08-14,60,6168.22
Bonneau,Victoire,vbonneau1@yahoo.fr,45,1974-11-15,18,1740.08
Tessier,Guy,gtessier.orange.fr,22,1951-12-08,135,5829.11
Evrard,Odette,oevrard2@voila.fr,03,1990-07-08,139,16667.6
Lebreton,Dorothée,dlebreton@free.fr,2B,1947-09-18,111,2615.25
Gosselin,Michelle,mgosselin2@gmail.com,93,2010-14-31,103,15459.73
Renaud,Daniel,drenaud1@orange.fr,43,1962-12-29,-30,-3775.21
Legendre,Manon,mlegendre3@hotmail.fr,95,1949-11-30,78,7802.08
Tanguy,Élisabeth,etanguy@tele2.fr,66,1964-06-18,66,6813.61
Loiseau,Roland,rloiseau@ifrance.com,91,1973-01-04,11,1016.08
Martin,Josette,jmartin1@wanadoo.fr,84,1987-08-31,-50,-404.87
Sanchez,Martine,msanchez@live.com,65,1942-04-14,25,211.35
Didier,Anouk,adidier4@laposte.net,12,1955-12-10,67,1575.26
De Sousa,Corinne,cde sousa@orange.fr,75,1977-01-18,2,289.65
David,Zoé,zdavid@hotmail.fr,89,2013-16-35,14,1985.5
Alves,Catherine,calves1@tele2.fr,38,2012-16-31,6,824.74
Charles,Émilie,echarles2@yahoo.fr,23,1982-12-03,116,16899.52
Lemoine,Suzanne,slemoine@sfr.fr,977,1956-11-17,5,535.83
Etienne,Margaux,metienne1@yahoo.fr,75,1959-06-01,11,929.24
Gimenez,Lucas,lgimenez@live.com,81,1958-04-18,109,9514.87
Rousset,Luce,lrousset@tiscali.fr,91,2000-05-02,132,16659.17
Alexandre,Thibault,talexandre1@gmail.com,978,1968-04-18,112,3884.43
Blanchard,Léon,lblanchard@club-internet.fr,2B,1952-12-08,37,452.95
Ribeiro,Franck,fribeiro@voila.fr,27,2005-12-30,26,3191.93
Martins,Antoinette,amartins1@club-internet.fr,06,1971-11-22,21,685.01
Henry,Jacques,jhenry@voila.fr,61,1999-05-17,15,673.36
Regnier,Julie,jregnier1@wanadoo.fr,44,2006-12-33,112,14718.73
Salmon,Alphonse,asalmon1@dbmail.com,2A,2018-12-30,116,5582.21
Delattre,Nicolas,ndelattre@noos.fr,68,1979-07-29,13,877.54
Pereira,Noémi,npereira@laposte.net,83,1949-09-22,38,-675.16
Bertrand,Guillaume,gbertrand@club-internet.fr,17,1944-09-30,-113,-9320.88
Ribeiro,Maryse,mribeiro@dbmail.com,976,1972-06-26,62,7842.75
Bazin,Timothée,tbazin2@ifrance.com,65,1964-05-23,102,5518.76
Lombard,Joséphine,jlombard@club-internet.fr,87,1962-08-07,108,15474.83
Marchal,Gérard,gmarchal1@bouygtel.fr,06,1992-04-14,104,7282.39
Laroche,Manon,mlaroche1@live.com,53,1995-11-04,80,11307.81
Breton,Frédéric,fbreton@orange.fr,2C,1994-07-23,131,4245.69
Chauveau,Danielle,dchauveau@gmail.com,63,2002-01-13,75,4391.56
Michaud,Charles,cmichaud@laposte.net,61,1952-11-28,14,575.48
Couturier,Christiane,ccouturier@bouygtel.fr,976,1966-01-16,71,9709.01
Briand,Maryse,mbriand1@hotmail.fr,49,1940-11-09,32,3369.27
Tessier,Louise,ltessier1@club-internet.fr,80,1969-07-06,145,7699.61
Letellier,Dominique,dletellier@sfr.fr,974,1977-12-23,20,1520.59
Daniel,Roger,rdaniel@bouygtel.fr,11,1985-01-17,49,2481.62
Bertrand,Audrey,abertrand@wanadoo.fr,2B,1962-09-20,123,14589.65
Pineau,Honoré,hpineau.dbmail.com,70,1960-07-22,53,5644.12
Blanc,Anne,ablanc@yahoo.fr,73,1969-06-27,109,2208.25
Mary,Édith,emary@wanadoo.fr,71,1965-12-02,54,1850.84
Gomez,Clémence,cgomez1@dbmail.com,17,1946-12-13,107,12782.33
Schneider,Frédérique,fschneider1@hotmail.fr,86,2010-12-28,107,9883.34
Guyon,Émilie,eguyon1@tele2.fr,47,1962-08-17,80,1150.61
Fischer,Margot,mfischer2@laposte.net,45,1956-10-18,71,2780.29
Gerard,Robert,rgerard@dbmail.com,13,2010-12-35,129,8948.18
Lenoir,Susan,slenoir@sfr.fr,976,1963-12-28,119,11575.12
Philippe,Yves,yphilippe@tele2.fr,66,1960-03-08,59,8505.82
Weber,Anaïs,aweber1@tele2.fr,04,1976-04-09,5,600.01
Payet,Grégoire,gpayet@wanadoo.fr,91,1956-08-15,64,7777.47
Lombard,Alfred,alombard2@bouygtel.fr,971,1974-12-09,41,202.91
Maillet,Agnès,amaillet1@sfr.fr,49,1978-06-08,136,335.63
Guillot,Catherine,cguillot@tiscali.fr,2C,1960-12-27,46,-1838.59
Lemaitre,Thérèse,tlemaitre@free.fr,79,1955-11-09,121,11238.75
Duhamel,Émilie,eduhamel@orange.fr,63,1950-05-21,82,9780.5
Boulay,Valentine,vboulay@live.com,25,1940-11-08,25,1170.44
Bernier,Raymond,rbernier@voila.fr,25,1980-02-16,110,14096.15
Leleu,Nathalie,nleleu@ifrance.com,29,1984-01-21,-151,-4748.33
Dupre,Caroline,cdupre1@hotmail.fr,45,1956-08-01,35,5019.16
Gosselin,Gabriel,ggosselin@tiscali.fr,65,1940-11-12,41,4496.43
Teixeira,Nicolas,nteixeira@bouygtel.fr,973,2019-11-29,112,3843.97
Chauvin,Antoine,achauvin@free.fr,52,2002-11-20,76,688.22
Jacques,Daniel,djacques@noos.fr,17,1967-02-08,-138,-877.31
Richard,Alexandria,arichard2@live.com,58,1945-07-16,134,10813.15
Olivier,Amélie,aolivier@tele2.fr,38,2009-15-28,120,8400.41
Rey,Alex,arey@tele2.fr,26,2012-10-33,75,10060.5
Leduc,Marguerite,mleduc1@tele2.fr,70,1966-11-27,87,494.17
Gerard,Alexandrie,agerard4@hotmail.fr,44,1955-11-12,133,10245.46
Hoarau,Claire,choarau1@wanadoo.fr,52,1959-06-24,11,1518.11
Hebert,Marthe,mhebert@live.com,87,1987-08-05,125,2510.14
Bonneau,Marguerite,mbonneau1@laposte.net,34,1947-02-25,67,1909.3
Rossi,Lorraine,lrossi1@laposte.net,41,1977-09-13,72,9272.63
Guilbert,Édith,eguilbert1@noos.fr,96,1997-12-09,79,2344.5
Pierre,Lorraine,lpierre1@laposte.net,978,2001-01-13,140,9335.76
Herve,Guy,gherve@dbmail.com,78,1971-07-06,22,341.32
Lemaitre,Nathalie,nlemaitre@tele2.fr,25,1977-10-06,5,607.28
Meyer,Thérèse,tmeyer2@tele2.fr,38,1941-02-19,2,259.3
Jourdan,Marianne,mjourdan@tele2.fr,2C,1995-04-12,39,1947.75
Fleury,Margaud,mfleury1@sfr.fr,84,1949-03-15,83,4028.54
Godard,Paul,pgodard1@gmail.com,08,1992-06-28,109,3965.44
Seguin,Margaud,mseguin@voila.fr,55,1977-02-16,86,12073.98
Lesage,Denise,dlesage@ifrance.com,92,1963-03-07,73,10335.23
Hernandez,Amélie,ahernandez2@gmail.com,42,1991-09-06,129,15948.49
Francois,Léon,lfrancois@ifrance.com,50,1956-08-29,118,5579.46
Joly,Martine,mjoly@bouygtel.fr,2A,1957-05-31,29,2006.25
Loiseau,Gilles,gloiseau@orange.fr,69,1948-04-30,123,10630.54
Gilles,Brigitte,bgilles1@tele2.fr,60,1990-11-01,48,1005.29
Lebrun,Bernard,blebrun@tiscali.fr,19,2018-10-28,139,9071.96
Diaz,Nath,ndiaz1@tiscali.fr,52,1999-05-13,4,83.72
Poulain,David,dpoulain@free.fr,33,2015-15-32,150,3124.02
Barbier,Thierry,tbarbier@ifrance.com,37,2002-08-29,18,1924.88
Arnaud,Thibault,tarnaud1@laposte.net,973,1966-05-31,120,5631.9
Lecomte,Margot,mlecomte@noos.fr,26,1968-01-18,146,-19897.75
Vincent,Diane,dvincent@hotmail.fr,18,1951-08-17,-25,-2345.33
Julien,Thomas,tjulien4@wanadoo.fr,02,1945-01-10,11,1481.81
Auger,Gabrielle,gauger@free.fr,16,1968-07-24,16,280.3
Moulin,Philippe,pmoulin@laposte.net,52,1946-10-19,148,788.29
Blanc,Pierre,pblanc.voila.fr,96,1958-06-25,26,3317.03
Gautier,Éléonore,egautier1@tiscali.fr,59,1944-10-24,140,14849.97
Alves,Olivier,oalves@voila.fr,978,1975-12-15,63,6944.04
Renaud,Adélaïde,arenaud1@hotmail.fr,96,1964-11-03,32,630.2
Rodrigues,Henriette,hrodrigues@club-internet.fr,33,1957-07-29,12,-666.44
Delannoy,Pierre,pdelannoy@sfr.fr,55,1983-10-22,50,3419.34
Guillou,Alexandria,aguillou@laposte.net,25,2013-15-28,138,20696.46
Ribeiro,Anne,aribeiro@noos.fr,75,1959-08-24,57,6228.89
Garcia,Richard,rgarcia@gmail.com,04,1961-12-21,133,16498.53
Salmon,Aimée,asalmon1@tiscali.fr,28,1990-06-12,107,15612.22
Carlier,Suzanne,scarlier1@laposte.net,43,1976-02-24,88,-10504.82
Bernier,Astrid,abernier1@voila.fr,76,1956-01-20,87,5251.58
Blanchet,Joseph,jblanchet@tiscali.fr,09,1974-06-26,70,6789.58
Techer,Stéphanie,stecher1@dbmail.com,09,1964-11-06,41,3293.85
Delmas,Patrick,pdelmas@laposte.net,93,1954-02-21,131,2025.98
Meunier,Anastasie,ameunier1@hotmail.fr,04,1987-11-29,77,3637.0
Le Roux,Alexandre,ale roux2@hotmail.fr,64,1963-12-22,13,1169.81
Thierry,Lucy,lthierry.laposte.net,60,1945-10-18,10,1428.64
Boucher,Zoé,zboucher@sfr.fr,76,1956-05-14,72,10238.37
Perrot,Julien,jperrot1@ifrance.com,60,1951-04-07,16,902.76
Morvan,Michelle,mmorvan1@dbmail.com,972,1948-07-20,98,10492.87
Perrot,Nathalie,nperrot@live.com,972,1944-08-15,49,6518.82
Dupuy,Jacqueline,jdupuy@live.com,28,1984-12-22,19,216.49
Etienne,Jérôme,jetienne@tele2.fr,42,1991-01-31,90,632.33
Gaillard,Jeannine,jgaillard@free.fr,74,1980-10-21,127,11371.67
Buisson,Vincent,vbuisson1@dbmail.com,18,1949-02-18,10,1350.79
Renaud,Alice,arenaud4@wanadoo.fr,44,1975-04-10,77,5183.39
Peron,Constance,cperon@free.fr,977,1940-04-14,110,13109.96
Jacques,Thérèse,tjacques2@wanadoo.fr,54,1951-11-05,126,10173.9
Potier,Susan,spotier1@hotmail.fr,51,2004-09-14,18,2720.85
Bruneau,Jules,jbruneau@dbmail.com,32,1946-08-14,39,483.95
Menard,Théodore,tmenard@live.com,21,2003-07-13,28,3630.09
Blin,Zacharie,zblin.gmail.com,57,1956-05-29,114,-7578.8
Lefevre,Marc,mlefevre1@free.fr,978,1996-02-10,94,224.13
Royer,Jacqueline,jroyer@tiscali.fr,68,2003-03-25,130,3438.42
Pinto,Gilles,gpinto@tele2.fr,44,1982-07-06,-78,987.43
Fontaine,Christelle,cfontaine@hotmail.fr,04,2005-06-10,131,8447.66
Couturier,Théodore,tcouturier@club-internet.fr,978,1984-02-01,86,8261.21
Bouvet,Anastasie,abouvet@ifrance.com,41,1947-03-22,-58,-1058.08
Carlier,Michelle,mcarlier@yahoo.fr,2B,1983-04-02,5,331.03
Bruneau,Joséphine,jbruneau.voila.fr,973,1981-01-25,68,7002.46
Peltier,Marthe,mpeltier@voila.fr,45,1997-02-10,-110,-5295.41
Blin,Alexandrie,ablin1@hotmail.fr,12,1962-10-08,146,18897.07
Gallet,Jérôme,jgallet@live.com,50,2014-10-34,8,717.14
Charpentier,Jeannine,jcharpentier@ifrance.com,10,2011-13-34,140,-6819.61
Navarro,Victor,vnavarro@free.fr,62,1956-08-25,129,17751.94
Blanchet,Pénélope,pblanchet@free.fr,11,1954-01-02,107,15555.69
Brunel,Auguste,abrunel1@tele2.fr,04,1971-08-28,116,-17115.06
Legrand,Roland,rlegrand2@bouygtel.fr,76,2004-08-21,43,6269.39
Hebert,Alexandrie,ahebert1@voila.fr,51,1994-08-17,100,9391.96
Leclercq,Nicole,nleclercq@gmail.com,08,1957-11-24,119,10580.04
Maillard,Marianne,mmaillard1@orange.fr,02,1940-11-21,53,1402.59
Lefort,Laurence,llefort@hotmail.fr,12,1990-01-06,14,1361.08
Lopez,Dorothée,dlopez2@orange.fr,56,1965-07-27,36,3198.62
Paul,Alfred,apaul.bouygtel.fr,63,1992-03-08,8,154.96
Bonnet,Gérard,gbonnet@club-internet.fr,03,1940-11-25,100,8060.35
Lefevre,Paul,plefevre@noos.fr,50,1957-10-21,-83,-11816.66
Faivre,Lorraine,lfaivre@sfr.fr,79,1965-05-28,51,6568.21
Bouchet,Yves,ybouchet@free.fr,68,1999-02-20,10,1397.6
Vasseur,Hélène,hvasseur@dbmail.com,96,1978-11-04,107,2010.46
Giraud,Étienne,egiraud@live.com,19,1985-05-11,105,5142.76
Ferrand,Madeleine,mferrand@hotmail.fr,2C,2013-16-30,137,4490.57
Masson,Adrien,amasson1@club-internet.fr,33,1998-10-29,59,345.25
Muller,Odette,omuller@free.fr,978,1950-01-12,146,14356.84
Merle,Roland,rmerle@dbmail.com,70,1963-01-14,40,1509.65
Cordier,Robert,rcordier1@noos.fr,93,1974-03-31,55,-1049.96
Deschamps,Roger,rdeschamps@club-internet.fr,978,1948-10-23,132,16050.36
Vasseur,Margot,mvasseur2@laposte.net,58,1988-11-01,91,9921.16
Marques,Georges,gmarques3@orange.fr,37,1951-10-04,101,13380.28
Salmon,Joséphine,jsalmon1@live.com,08,2001-11-30,85,5374.47
Gautier,Antoine,agautier1@ifrance.com,22,1984-04-20,43,6245.95
Peron,Robert,rperon@yahoo.fr,88,1973-07-09,15,584.48
Renaud,Bernard,brenaud@tiscali.fr,26,1983-01-21,64,1983.21
Michel,Philippine,pmichel.gmail.com,37,2005-11-31,43,3267.83
Boyer,Arthur,aboyer@tele2.fr,2B,1970-08-01,48,5039.23
Alves,Roland,ralves@hotmail.fr,60,1965-01-09,72,6261.54
Bonnet,Anne,abonnet2@gmail.com,90,2008-16-33,44,1936.97
Barbier,Christiane,cbarbier@gmail.com,12,1975-08-28,72,2033.57
Martin,Christelle,cmartin1@noos.fr,971,1940-04-13,123,16788.48
Renard,Rémy,rrenard@bouygtel.fr,56,1988-09-02,46,3794.96
Samson,Adèle,asamson1@sfr.fr,10,1967-05-21,104,3651.82
Didier,Zoé,zdidier@voila.fr,11,1996-11-04,140,5322.66
Jacob,Catherine,cjacob1@bouygtel.fr,19,1971-06-26,122,14926.65
Rodriguez,Roland,rrodriguez@tiscali.fr,61,1944-05-05,140,14740.28
Boucher,Bernard,bboucher@noos.fr,74,1940-11-09,24,1289.39
Chevalier,Raymond,rchevalier@hotmail.fr,55,1962-11-24,53,-4321.71
Descamps,Laurent,ldescamps1@club-internet.fr,18,1998-05-11,93,-7635.84
Moreau,Isabelle,imoreau@laposte.net,28,2009-10-33,92,9029.91
Schmitt,Xavier,xschmitt@dbmail.com,17,1949-12-14,31,3605.06
Vallee,Benjamin,bvallee@sfr.fr,2A,1956-07-10,58,1229.97
Valentin,Bernadette,bvalentin@hotmail.fr,75,2001-06-10,137,12320.98
Pasquier,Martine,mpasquier@laposte.net,80,2001-01-07,99,1617.22
Sauvage,Isabelle,isauvage@noos.fr,30,1963-08-04,31,1620.81
Mendes,Yves,ymendes@dbmail.com,2C,1983-11-29,-130,-17328.12
Barthelemy,Christine,cbarthelemy2@bouygtel.fr,10,1943-07-14,78,2310.38
Collet,Dominique,dcollet@free.fr,62,1971-11-18,42,-3282.89
Guibert,Audrey,aguibert2@gmail.com,28,1945-08-25,-105,-2653.02
Guillot,Célina,cguillot1@tiscali.fr,11,1963-10-13,36,3725.57
Gaillard,Stéphane,sgaillard1@gmail.com,67,1960-12-02,27,1966.91
Joubert,Corinne,cjoubert@wanadoo.fr,02,2004-11-10,134,1525.02
Guerin,Bertrand,bguerin@voila.fr,58,1973-09-16,150,10598.36
Hubert,Manon,mhubert1@yahoo.fr,35,1983-09-09,131,8675.05
Olivier,Adrienne,aolivier1@tele2.fr,19,1983-12-10,101,4240.37
Gimenez,Jean,jgimenez@free.fr,87,1943-07-26,18,2507.27
Olivier,Claude,colivier1@live.com,27,1959-03-09,124,3879.95
Lefort,Colette,clefort1@voila.fr,72,1988-10-08,2,113.43
Clement,Daniel,dclement1@gmail.com,04,1999-11-10,50,1747.09
Gregoire,Jules,jgregoire@voila.fr,18,1966-01-21,69,6271.63
Dumont,Lucy,ldumont@voila.fr,09,2013-13-29,100,497.86
Monnier,Christelle,cmonnier1@sfr.fr,26,2003-08-03,45,4830.16
Colin,Henriette,hcolin@orange.fr,61,1979-11-28,124,11503.42
Rodriguez,Laurent,lrodriguez1@gmail.com,87,2000-07-15,120,16037.57
Philippe,Éric,ephilippe1@voila.fr,13,2002-03-15,67,7319.84
Huet,Anouk,ahuet@club-internet.fr,30,2000-04-19,137,8580.02
Antoine,Célina,cantoine3@dbmail.com,37,1995-05-12,111,8164.35
Simon,Monique,msimon@gmail.com,05,1967-05-27,107,14755.03
Menard,Christelle,cmenard@tele2.fr,31,2020-16-29,91,8423.3
Fleury,Laetitia,lfleury@laposte.net,28,1992-04-19,95,5843.75
Gimenez,Victor,vgimenez@club-internet.fr,04,1941-05-13,10,574.89
Maillard,Dorothée,dmaillard@laposte.net,77,1956-11-03,83,10030.56
Leclerc,Suzanne,sleclerc1@ifrance.com,31,1944-08-12,128,9447.2
Briand,Astrid,abriand4@hotmail.fr,21,1997-08-30,17,1122.19
Caron,Constance,ccaron@club-internet.fr,01,1955-12-03,25,1610.13
Richard,Isaac,irichard.bouygtel.fr,977,1978-07-04,29,1216.19
Le Gall,Laetitia,lle gall@sfr.fr,37,1988-02-27,26,788.66
Devaux,Édouard,edevaux1@free.fr,47,1961-02-20,17,533.01
Fabre,Danielle,dfabre1@orange.fr,60,1952-02-23,97,3429.47
Bonneau,Olivier,obonneau@sfr.fr,66,1963-11-07,123,317.26
Briand,Caroline,cbriand@voila.fr,21,1989-02-12,95,-3265.51
Bourdon,Corinne,cbourdon@tele2.fr,84,1944-01-30,127,7103.68
Fernandez,Maurice,mfernandez@tiscali.fr,64,1959-02-16,149,22537.29
Philippe,Michelle,mphilippe1@free.fr,92,1971-08-03,131,18662.75
Riou,Diane,driou@wanadoo.fr,10,1977-09-21,8,1176.04
Benard,Geneviève,gbenard@tele2.fr,78,1951-10-22,15,222.13
Riviere,Manon,mriviere@club-internet.fr,26,2019-10-35,95,11378.9
Auger,Henri,hauger1@orange.fr,974,1990-03-16,3,254.9
Dupre,Adrienne,adupre1@tele2.fr,92,1961-03-28,70,299.37
Leclerc,Jacqueline,jleclerc@dbmail.com,48,1956-04-25,97,6793.52
Mahe,Chantal,cmahe1@voila.fr,43,1960-03-27,12,373.52
Vaillant,Françoise,fvaillant@noos.fr,40,1966-01-11,78,9990.99
Cordier,Philippine,pcordier1@bouygtel.fr,27,1953-03-05,146,507.93
Brunet,Andrée,abrunet2@orange.fr,65,1957-03-29,115,8101.13
Peron,Louis,lperon1@hotmail.fr,61,1964-09-19,93,4322.17
Guyot,Margot,mguyot1@wanadoo.fr,25,1944-04-18,35,3880.82
Baudry,Martin,mbaudry2@bouygtel.fr,30,1959-02-02,-75,-9671.63
Boulay,Jérôme,jboulay@club-internet.fr,94,1988-10-24,134,5830.92
Pierre,Colette,cpierre@orange.fr,971,1986-05-06,91,3173.63
Fournier,Isaac,ifournier.dbmail.com,30,1949-09-28,49,156.53
Prevost,Zoé,zprevost@voila.fr,11,1991-02-21,26,175.99
Carre,Susanne,scarre@tiscali.fr,31,1955-01-01,64,959.99
Guerin,Chantal,cguerin1@gmail.com,2B,1944-01-22,93,1346.24
Guillet,Michèle,mguillet1@dbmail.com,62,1979-07-16,82,-1569.51
Lefort,Émilie,elefort@voila.fr,971,1981-09-24,24,3096.23
Leveque,Adélaïde,aleveque@tiscali.fr,89,1940-07-07,37,2453.68
Letellier,Léon,lletellier1@laposte.net,05,2009-14-33,36,2398.49
Royer,Marianne,mroyer1@gmail.com,978,1950-05-02,-143,-2215.88
Salmon,Patrick,psalmon@gmail.com,2C,1940-05-25,38,341.64
Martin,Paulette,pmartin@live.com,22,1976-05-03,-124,-9882.63
Collet,Sébastien,scollet1@club-internet.fr,01,1977-05-29,95,6287.76
Navarro,Luc,lnavarro1@orange.fr,86,1990-06-26,116,4197.17
Lefebvre,Aimé,alefebvre@noos.fr,31,1986-04-11,22,558.79
Pelletier,Daniel,dpelletier@dbmail.com,95,1955-11-30,127,13144.79
Fouquet,Benoît,bfouquet@tiscali.fr,40,1958-03-18,43,2738.46
Barbier,Sébastien,sbarbier1@club-internet.fr,03,1960-09-08,80,6930.25
Pottier,Xavier,xpottier@dbmail.com,09,1994-08-31,81,1519.96
Texier,Julien,jtexier@yahoo.fr,88,1999-02-11,99,7350.71
Benard,Mathilde,mbenard@dbmail.com,02,1996-07-13,39,3055.7
Leveque,Henri,hleveque1@wanadoo.fr,44,1958-09-07,49,2859.07
Petitjean,Juliette,jpetitjean@voila.fr,85,1954-03-19,60,4093.12
Bernier,Margaret,mbernier1@gmail.com,39,1960-05-29,81,12140.02
Diaz,Marcel,mdiaz@laposte.net,18,2000-08-23,141,18220.13
Gregoire,François,fgregoire@club-internet.fr,42,1958-05-16,149,12122.72
Navarro,Margaud,mnavarro1@sfr.fr,88,1959-08-21,117,11319.75
Coulon,Agnès,acoulon2@ifrance.com,70,1969-06-29,23,-143.93
Fischer,Benoît,bfischer4@tele2.fr,2C,1948-08-02,119,12608.04
Besnard,Julien,jbesnard1@orange.fr,89,1999-04-26,148,9591.26
Vasseur,Laure,lvasseur1@ifrance.com,92,1964-03-20,140,13493.79
Barbe,Michel,mbarbe2@sfr.fr,71,1982-07-24,12,-787.68
Sanchez,Vincent,vsanchez@orange.fr,82,2008-10-35,96,13023.84
Blin,Lorraine,lblin@free.fr,87,1958-01-06,9,1153.56
Marin,Arnaude,amarin1@laposte.net,79,2008-10-29,65,-7394.15
Godard,Valentine,vgodard@hotmail.fr,977,2003-01-03,104,2476.03
Boulay,Timothée,tboulay1@noos.fr,89,1953-08-10,25,2139.92
Reynaud,Denise,dreynaud3@sfr.fr,2A,1981-04-02,120,5432.49
Gay,Diane,dgay@ifrance.com,69,1995-10-01,-78,4545.7
Garnier,Frédéric,fgarnier@free.fr,21,1997-08-11,20,2987.49
Perrier,Océane,operrier@tiscali.fr,2A,1972-09-04,113,8577.26
Baudry,Emmanuelle,ebaudry@club-internet.fr,19,1997-02-28,109,9599.64
Chartier,Benjamin,bchartier@gmail.com,95,1971-07-17,46,5727.66
Goncalves,Dorothée,dgoncalves1@laposte.net,78,1967-06-24,69,1181.74
Klein,Matthieu,mklein@sfr.fr,36,1973-09-27,130,1711.37
Ferrand,Claudine,cferrand1@tiscali.fr,32,1998-09-14,31,3548.43
Fontaine,Jeannine,jfontaine@ifrance.com,973,1989-08-22,15,2042.97
Bertin,Alexandria,abertin1@orange.fr,65,1967-03-31,148,13199.65
Mathieu,Théodore,tmathieu@bouygtel.fr,972,2014-16-29,34,3962.9
Chauvin,Maryse,mchauvin@live.com,08,1945-06-06,148,16272.1
Guillaume,Sophie,sguillaume@ifrance.com,68,1981-12-15,48,1424.2
Roche,Laure,lroche@tiscali.fr,44,2013-15-35,78,6335.85
Georges,Maurice,mgeorges.club-internet.fr,57,1996-03-02,98,7092.3
Seguin,Thérèse,tseguin1@laposte.net,72,1980-11-28,27,2079.61
Neveu,Stéphane,sneveu@yahoo.fr,24,1998-03-02,121,8172.69
Da Silva,Stéphanie,sda silva@tele2.fr,69,1943-10-23,128,9373.74
Carlier,Isabelle,icarlier1@dbmail.com,24,1958-08-10,23,2739.88
Riviere,William,wriviere@hotmail.fr,95,1956-05-11,38,2097.45
Leroux,Catherine,cleroux1@dbmail.com,90,1951-02-09,111,11472.83
Renaud,Gabriel,grenaud@noos.fr,31,1940-12-28,54,684.59
Leveque,Laure,lleveque1@free.fr,43,1971-04-09,52,-112.28
Meyer,Christelle,cmeyer1@voila.fr,2C,1989-05-26,145,11030.88
Chevallier,Lorraine,lchevallier1@orange.fr,2C,1966-05-16,75,6590.07
Leduc,Grégoire,gleduc@voila.fr,80,1993-01-10,118,9668.36
Herve,Gilles,gherve@sfr.fr,07,1983-04-27,126,3672.19
Tanguy,Lorraine,ltanguy@noos.fr,77,1956-04-15,119,-16069.4
Maury,Adélaïde,amaury@yahoo.fr,42,1973-08-19,125,1031.3
Hernandez,Juliette,jhernandez@laposte.net,88,1968-05-23,139,2219.07
Raynaud,Élodie,eraynaud3@wanadoo.fr,25,2018-16-35,62,6461.78
Goncalves,Claudine,cgoncalves1@bouygtel.fr,34,1961-09-07,40,3643.96
Hamon,Jacqueline,jhamon@dbmail.com,25,1941-06-10,150,-11559.45
Wagner,Capucine,cwagner1@sfr.fr,47,1977-10-21,123,10564.4
Hernandez,Marc,mhernandez.tele2.fr,62,1966-08-18,13,1576.07
Dupuis,Chantal,cdupuis@hotmail.fr,48,1967-05-02,115,8359.27
Vaillant,Joséphine,jvaillant@laposte.net,973,1943-10-01,56,3140.12
Gilbert,Aimé,agilbert1@yahoo.fr,47,2003-03-24,48,775.68
Charpentier,Claire,ccharpentier@live.com,978,1988-08-13,86,1850.58
Gomes,Luce,lgomes@live.com,86,2001-01-23,96,14348.82
Rocher,Robert,rrocher@ifrance.com,2C,1940-05-11,93,10039.55
Pasquier,Alexandrie,apasquier5@live.com,32,2019-14-34,149,6949.14
Grenier,Zacharie,zgrenier@hotmail.fr,978,1940-09-06,102,6192.63
Jacquot,Henri,hjacquot@tele2.fr,61,1944-03-01,53,1957.89
Bourgeois,Philippine,pbourgeois6@tele2.fr,56,1969-07-03,61,1033.47
Letellier,Arthur,aletellier@free.fr,66,1980-12-04,108,605.31
Dumont,Claudine,cdumont@gmail.com,44,1963-09-15,31,3893.89
Ferrand,Eugène,eferrand7@bouygtel.fr,64,1955-05-04,54,902.82
Delannoy,Tristan,tdelannoy1@laposte.net,29,1982-06-18,37,2479.82
Leroux,Denis,dleroux@hotmail.fr,29,1978-04-19,2,-165.17
Renault,Marie,mrenault@orange.fr,12,1978-06-30,27,710.91
Benard,Lucy,lbenard8@bouygtel.fr,70,1990-02-01,97,325.88
Lefevre,Luce,llefevre1@gmail.com,13,1980-10-01,147,16325.19
Antoine,Aurélie,aantoine1@wanadoo.fr,977,1943-05-10,69,-2188.46
Charles,Valérie,vcharles@gmail.com,56,2001-05-03,110,4188.81
Laporte,Eugène,elaporte@hotmail.fr,2B,1941-12-24,139,5211.01
Loiseau,Bertrand,bloiseau1@gmail.com,49,1993-10-28,145,10716.26
Pascal,Zoé,zpascal@tiscali.fr,64,1963-09-16,148,7012.98
Martineau,Henri,hmartineau@live.com,88,1974-03-19,143,10149.83
Delattre,Nath,ndelattre1@noos.fr,55,1967-04-15,41,916.13
Moreau,Camille,cmoreau@yahoo.fr,35,1962-12-11,90,5179.82
Giraud,Élisabeth,egiraud1@live.com,93,1944-09-01,87,-2185.97
Lacroix,Margot,mlacroix@free.fr,44,1944-01-28,83,11725.68
Toussaint,Laetitia,ltoussaint1@hotmail.fr,72,2005-07-07,63,3271.86
Turpin,Mathilde,mturpin1@tele2.fr,29,1970-03-21,105,-13410.36
Michel,Noémi,nmichel1@free.fr,53,1991-05-09,41,1923.26
Pineau,Alfred,apineau@tele2.fr,25,1998-11-01,50,-2753.7
Julien,Richard,rjulien@tiscali.fr,87,1949-04-08,19,-2416.62
Fouquet,Arthur,afouquet2@noos.fr,69,1960-05-29,149,13785.51
Collin,Hélène,hcollin@sfr.fr,80,1968-05-20,32,3653.36
Berger,Margaret,mberger@live.com,68,1963-12-24,147,6397.51
Laroche,Mathilde,mlaroche1@dbmail.com,79,1943-03-05,52,152.01
Petitjean,Patrick,ppetitjean@wanadoo.fr,86,1946-11-21,104,-3536.9
Besnard,Josette,jbesnard@free.fr,2C,1940-08-03,45,1432.79
Brun,Hortense,hbrun1@tele2.fr,66,1962-03-09,64,4424.15
Blanc,Marthe,mblanc@club-internet.fr,39,2004-08-17,112,7133.17
Maillet,Denise,dmaillet@dbmail.com,96,1977-06-29,98,8501.62
Fontaine,Frédérique,ffontaine@sfr.fr,11,1968-09-12,62,9129.31
Lebrun,Gilles,glebrun@tele2.fr,34,1973-07-15,12,1142.92
Klein,Thérèse,tklein@tele2.fr,25,1999-08-20,87,1496.27
Guichard,Marianne,mguichard1@yahoo.fr,58,1959-01-16,27,3676.19
Collin,Sylvie,scollin@ifrance.com,68,1950-02-23,-100,-7266.58
Simon,Monique,msimon@club-internet.fr,72,2020-14-30,105,5443.08
Collin,Nathalie,ncollin.ifrance.com,34,1948-03-12,96,12615.21
Ferrand,Alice,aferrand1@ifrance.com,65,2001-04-04,24,184.76
Legros,Henriette,hlegros.live.com,978,1974-10-17,98,3382.09
Sanchez,Margaret,msanchez3@voila.fr,46,1960-10-20,73,3225.97
Giraud,Paulette,pgiraud1@free.fr,75,2017-10-31,74,1174.87
Bourgeois,Laure,lbourgeois@gmail.com,01,1969-05-17,39,1738.91
Girard,Étienne,egirard2@noos.fr,65,1943-09-10,9,211.78
Vidal,Virginie,vvidal@club-internet.fr,01,1990-07-04,23,1032.81
Gauthier,Auguste,agauthier2@laposte.net,77,1967-02-11,82,2462.1
Bigot,Susanne,sbigot@ifrance.com,68,1988-12-24,81,933.16
Simon,Anastasie,asimon@voila.fr,25,1952-06-10,89,1941.04
Pelletier,Anouk,apelletier2@sfr.fr,55,1996-01-29,12,-325.12
Maury,Hélène,hmaury.sfr.fr,51,1978-01-29,88,2214.74
Valette,Jean,jvalette2@orange.fr,03,2003-05-19,-21,-3085.94
Rodrigues,Théophile,trodrigues@voila.fr,90,1969-12-29,147,5515.2
Normand,Juliette,jnormand2@sfr.fr,976,1995-03-18,107,14958.58
Ferrand,Grégoire,gferrand@wanadoo.fr,972,1983-02-27,30,1507.51
Blanchard,Hugues,hblanchard@sfr.fr,31,1999-07-22,109,3502.64
Dumont,Susan,sdumont@noos.fr,66,1956-10-12,113,7984.04
Buisson,Jeannine,jbuisson1@wanadoo.fr,40,1968-12-31,81,9549.37
Monnier,Claudine,cmonnier@ifrance.com,26,1943-12-11,131,15610.38
Bouchet,René,rbouchet@dbmail.com,95,2003-09-27,4,155.12
Pinto,Maryse,mpinto1@sfr.fr,47,2005-04-16,53,1239.18
De Oliveira,Olivier,ode oliveira@bouygtel.fr,72,1977-07-05,38,3032.22
Boulanger,Michel,mboulanger3@live.com,17,2004-03-15,6,46.48
Marchal,Françoise,fmarchal1@noos.fr,22,1950-03-07,99,14688.01
Hoarau,Mathilde,mhoarau3@dbmail.com,76,2018-13-31,2,60.38
Leconte,Gilles,gleconte@yahoo.fr,96,1974-09-25,27,496.9
Jacquot,Colette,cjacquot@free.fr,973,2003-04-09,110,14915.79
Berger,Margot,mberger@club-internet.fr,35,1975-04-02,124,13365.3
Valentin,Jérôme,jvalentin@yahoo.fr,977,1989-02-06,76,592.23
Leclercq,Catherine,cleclercq1@club-internet.fr,72,2006-14-31,127,-12772.22
Delannoy,Sébastien,sdelannoy@tele2.fr,95,1979-01-10,43,1114.1
Brunel,Guy,gbrunel1@gmail.com,41,1947-05-22,110,10726.55
Duval,Robert,rduval@gmail.com,92,1944-07-14,-32,-4822.63
Fournier,Marcel,mfournier@bouygtel.fr,22,2004-09-30,95,2518.52
Carpentier,Emmanuel,ecarpentier@bouygtel.fr,67,1973-11-30,120,7713.12
Pineau,Victoire,vpineau@club-internet.fr,63,1957-09-11,119,4510.93
Leveque,Alex,aleveque2@laposte.net,01,1941-06-15,71,3557.68
Laine,Jules,jlaine@laposte.net,976,1980-01-19,82,9168.61
Vallee,Georges,gvallee1@tiscali.fr,971,2008-15-28,68,8097.66
Fournier,Aimée,afournier2@orange.fr,69,2020-15-35,48,3228.86
Rodrigues,Christelle,crodrigues1@ifrance.com,69,1971-03-12,121,5875.44
Faivre,Claudine,cfaivre@free.fr,09,2010-12-33,113,9179.52
Petitjean,Suzanne,spetitjean@laposte.net,86,1944-08-01,-32,1325.77
Evrard,Théophile,tevrard1@hotmail.fr,15,2004-11-19,137,1688.24
Dupuis,Astrid,adupuis1@hotmail.fr,55,1956-09-16,119,15257.58
Gauthier,Joséphine,jgauthier@yahoo.fr,977,1962-11-24,-114,-3501.51
Perrot,Aurore,aperrot@club-internet.fr,14,1986-11-07,80,2141.25
Bouvet,Geneviève,gbouvet@laposte.net,79,1971-05-13,37,486.05
Marty,Isabelle,imarty@wanadoo.fr,13,1986-11-14,68,7338.38
Pereira,Guy,gpereira1@voila.fr,82,1984-07-29,85,2527.25
Roger,Alphonse,aroger@dbmail.com,2B,2013-13-28,106,1468.52
Deschamps,Gilles,gdeschamps1@sfr.fr,39,1984-09-18,62,5463.65
Lebon,Agathe,alebon1@wanadoo.fr,93,2007-15-29,85,10689.17
Rocher,Théodore,trocher@wanadoo.fr,12,1964-08-06,6,763.8
Giraud,Alix,agiraud3@laposte.net,33,1974-03-28,100,14672.54
Martel,Théodore,tmartel@orange.fr,15,1996-12-24,61,5832.4
Godard,Juliette,jgodard@laposte.net,29,1972-06-24,114,13886.2
Laurent,Bertrand,blaurent@laposte.net,38,1974-02-02,101,4284.83
Bailly,Élodie,ebailly1@yahoo.fr,74,1973-05-04,84,-5265.57
Guillou,Marie,mguillou@free.fr,08,1976-08-12,75,7435.9
Pages,Laetitia,lpages1@club-internet.fr,52,1941-01-30,95,3053.29
Daniel,Stéphanie,sdaniel@voila.fr,83,1974-10-29,95,6424.79
Marechal,Madeleine,mmarechal@yahoo.fr,07,1958-01-21,49,7158.03
De Sousa,Océane,ode sousa@laposte.net,78,2018-15-31,37,3330.45
Lemoine,Martin,mlemoine@noos.fr,63,1945-08-11,-110,-10355.16
Delorme,Timothée,tdelorme@bouygtel.fr,78,1951-06-22,-74,-3355.58
Lecoq,Aurore,alecoq@yahoo.fr,16,1970-03-02,36,1808.25
Jean,Paulette,pjean@free.fr,89,1984-05-13,71,2923.49
Lambert,David,dlambert2@ifrance.com,56,1978-09-25,120,4649.14
Lebrun,Timothée,tlebrun@wanadoo.fr,39,1973-01-28,83,11219.93
Michel,Jean,jmichel@tiscali.fr,17,2010-13-31,99,12025.96
Ribeiro,Jean,jribeiro@voila.fr,68,1962-06-30,34,4518.7
Leleu,Manon,mleleu1@sfr.fr,54,1984-01-12,17,842.41
Julien,Adélaïde,ajulien1@club-internet.fr,34,1953-12-13,127,11026.62
Munoz,Christine,cmunoz@bouygtel.fr,60,2000-12-14,98,13502.28
Fontaine,Nicolas,nfontaine@noos.fr,66,2001-12-02,68,1579.41
Fernandes,Virginie,vfernandes@live.com,62,2003-08-15,109,5184.21
Perez,Alexandre,aperez1@tiscali.fr,64,1970-08-11,79,5412.47
Besson,Jean,jbesson1@tiscali.fr,91,1977-12-15,151,13966.06
Bernier,Léon,lbernier@noos.fr,51,1969-07-03,21,591.76
Moreno,Margot,mmoreno1@gmail.com,67,1960-03-02,99,8249.26
Humbert,Margaux,mhumbert@sfr.fr,92,1971-09-07,18,2502.23
Perret,Thierry,tperret@bouygtel.fr,03,1976-10-06,102,12826.46
Antoine,Frédéric,fantoine@laposte.net,50,1976-10-31,61,4887.5
Jean,Aimée,ajean@voila.fr,2B,1950-11-02,139,1300.09
Collet,Adèle,acollet1@free.fr,08,1964-06-27,44,3098.16
Fournier,Anaïs,afournier1@sfr.fr,51,1978-05-09,129,9515.96
Bruneau,Claudine,cbruneau1@tele2.fr,48,1977-04-04,85,7505.95
Lefevre,Dorothée,dlefevre@sfr.fr,11,1998-01-30,144,14949.82
Leveque,Bernard,bleveque@bouygtel.fr,85,1995-08-18,108,7710.31
Goncalves,Richard,rgoncalves@voila.fr,66,1982-04-29,57,4155.65
Raynaud,Laurent,lraynaud@sfr.fr,2C,1991-12-04,117,8528.08
Brunet,Martin,mbrunet3@dbmail.com,13,2010-11-33,62,4581.3
Remy,Zacharie,zremy@laposte.net,43,1946-04-28,15,2007.5
Lelievre,Alice,alelievre2@live.com,96,1989-12-21,17,2138.94
Legendre,Amélie,alegendre.voila.fr,06,1986-04-26,130,11997.04
Roux,Laurence,lroux@live.com,68,1956-12-22,97,11699.66
Normand,Odette,onormand1@tele2.fr,973,1952-11-03,96,2025.25
Chretien,Éléonore,echretien1@free.fr,977,1974-12-02,130,15052.72
Ollivier,Roland,rollivier@gmail.com,76,1960-09-20,114,10581.94
Michel,Auguste,amichel@gmail.com,82,1981-11-05,99,1579.34
Besson,Nath,nbesson@sfr.fr,14,1981-09-05,80,3619.42
Tanguy,Augustin,atanguy@laposte.net,88,1980-09-22,103,11966.87
Hamon,Philippine,phamon@tiscali.fr,96,1992-03-23,104,6485.01
Nicolas,Théodore,tnicolas@dbmail.com,07,1940-07-05,102,13385.08
Baron,Éric,ebaron@ifrance.com,17,1945-10-05,117,14740.12
Dupuis,Sophie,sdupuis@ifrance.com,59,1972-11-04,98,11198.17
Pires,Marianne,mpires2@laposte.net,03,1951-11-24,55,2859.65
Pinto,Yves,ypinto@live.com,976,1989-03-15,-28,-4058.25
Gaudin,Dorothée,dgaudin1@laposte.net,33,2003-09-25,83,10011.3
Ollivier,Cécile,collivier.live.com,84,1985-10-20,123,4973.93
Imbert,Timothée,timbert@bouygtel.fr,36,1995-02-05,94,13155.66
Gimenez,Louis,lgimenez1@laposte.net,36,1985-12-08,80,8302.5
Gay,Roger,rgay@hotmail.fr,977,2019-13-35,107,-6053.03
Guichard,Sabine,sguichard9@sfr.fr,2C,1960-06-21,151,4311.83
Lemaire,Marguerite,mlemaire@tele2.fr,67,1979-11-16,71,150.74
Meunier,Margot,mmeunier1@gmail.com,52,1948-12-16,16,764.81
Pinto,Roland,rpinto@voila.fr,85,1981-08-05,138,15298.32
Aubry,Catherine,caubry1@orange.fr,60,1945-10-02,81,8144.68
Hebert,Jacques,jhebert1@tiscali.fr,45,1967-05-23,38,2307.46
Marin,Mathilde,mmarin1@ifrance.com,22,2003-06-17,88,6236.6
Imbert,Gabrielle,gimbert.live.com,88,1979-12-14,110,3043.6
Salmon,Margaux,msalmon1@bouygtel.fr,61,1950-05-14,-40,-3696.79
Lamy,Georges,glamy@tele2.fr,2C,2005-07-17,9,1208.48
Pons,Simone,spons@hotmail.fr,977,1969-11-20,54,1695.86
Brun,Auguste,abrun2@tiscali.fr,56,1989-02-28,82,6965.99
Marques,Adèle,amarques2@live.com,977,1957-07-14,49,-4016.1
Berthelot,Thierry,tberthelot@dbmail.com,08,1945-05-15,131,-9624.27
Gosselin,Émile,egosselin@sfr.fr,44,1965-01-20,148,9039.83
Valette,Vincent,vvalette@hotmail.fr,977,1977-11-13,-26,-391.08
Verdier,Claudine,cverdier@free.fr,96,1987-11-18,138,11372.47
Fernandez,Michèle,mfernandez1@sfr.fr,18,1969-12-26,111,13969.41
Collin,Mathilde,mcollin1@noos.fr,69,1990-08-20,124,9175.98
Le Gall,Philippine,ple gall.yahoo.fr,74,1959-07-31,36,337.15
Pinto,daisy,dpinto@tiscali.fr,62,1949-10-14,41,118.61
Faivre,Denis,dfaivre@noos.fr,61,1961-09-18,62,-6232.92
Meunier,Capucine,cmeunier1@hotmail.fr,54,1999-02-08,113,4028.14
David,Susanne,sdavid@live.com,13,2005-06-09,-132,19977.24
Langlois,Michel,mlanglois@voila.fr,03,1989-09-26,-108,-13247.66
Deschamps,Isaac,ideschamps@tiscali.fr,64,1949-08-16,79,9846.4
Dufour,Édith,edufour@club-internet.fr,93,1962-10-27,-52,-4579.06
Lamy,Martin,mlamy@tele2.fr,977,1980-07-10,151,-11590.27
Texier,Hugues,htexier@orange.fr,51,1955-01-21,129,15943.91
Humbert,Gilles,ghumbert1@tiscali.fr,25,1994-03-14,139,12867.8
Le Roux,Michel,mle roux@noos.fr,03,1983-09-21,105,2274.43
Henry,Arnaude,ahenry1@live.com,96,1951-02-15,133,15832.94
Joseph,Lucie,ljoseph1@club-internet.fr,972,1995-02-04,45,302.1
Weiss,Aimée,aweiss1@yahoo.fr,978,1951-12-28,74,493.37
Merle,Thomas,tmerle@dbmail.com,972,1984-08-16,151,5402.68
Faure,Jules,jfaure@tele2.fr,50,1957-06-29,102,1457.69
Roy,Mathilde,mroy@live.com,85,1997-08-18,14,1344.64
Rousseau,Élise,erousseau@free.fr,17,1949-01-22,-74,-8506.01
Blanchet,Louise,lblanchet@ifrance.com,53,2000-01-22,73,8376.42
Humbert,Charles,chumbert@orange.fr,33,2005-12-29,142,14593.21
Neveu,Emmanuel,eneveu@sfr.fr,978,1983-05-22,30,147.55
Rousset,Adélaïde,arousset@tele2.fr,71,2000-03-04,46,5209.48
Charrier,Robert,rcharrier@yahoo.fr,31,1947-11-02,26,387.47
Maillard,Margaud,mmaillard1@live.com,54,2005-14-32,88,3902.23
Samson,Maggie,msamson1@noos.fr,30,2002-07-16,13,605.19
Bouchet,Xavier,xbouchet@yahoo.fr,40,1952-08-04,131,4091.61
Daniel,Léon,ldaniel1@laposte.net,39,1976-12-18,125,8807.07
Huet,Joseph,jhuet@gmail.com,31,1949-06-07,69,-7173.87
Blot,Alfred,ablot2@tele2.fr,04,1940-04-03,127,19266.96
Leconte,Noël,nleconte1@tele2.fr,52,1983-04-01,68,-6986.79
Meyer,Manon,mmeyer@voila.fr,88,1974-08-12,27,-2457.66
Pinto,Alice,apinto2@laposte.net,54,1958-12-04,17,1748.23
Rossi,Christelle,crossi1@wanadoo.fr,35,1959-11-16,-124,-1194.31
Lecomte,Thomas,tlecomte2@yahoo.fr,49,1987-10-31,105,1564.05
Jacob,Adrien,ajacob1@free.fr,13,1974-10-22,-83,-8498.15
Gros,Hortense,hgros@live.com,978,1955-02-26,33,2058.88
Baron,Dorothée,dbaron@bouygtel.fr,46,2002-09-13,22,2998.65
Lefebvre,Laure,llefebvre.club-internet.fr,59,1971-08-06,44,4411.39
Perez,Françoise,fperez@hotmail.fr,971,1957-02-13,135,3079.36
Lefort,Valérie,vlefort@sfr.fr,94,1965-05-05,39,2252.52
Benoit,Pierre,pbenoit@bouygtel.fr,69,1983-11-17,138,12974.95
Diallo,François,fdiallo@tiscali.fr,88,1990-09-03,72,4394.43
Hebert,Corinne,chebert@noos.fr,01,2005-13-34,79,6848.06
Gauthier,Victoire,vgauthier@live.com,11,1977-06-27,108,10530.73
Reynaud,Susan,sreynaud1@free.fr,95,1948-12-30,148,22255.7
Chauvin,Gilbert,gchauvin@dbmail.com,96,1964-08-10,131,3819.9
Carre,Emmanuelle,ecarre@free.fr,87,1976-06-08,76,9783.32
Gomes,Joseph,jgomes10@live.com,83,2014-14-35,21,431.74
Carlier,Thérèse,tcarlier@dbmail.com,24,2002-10-20,119,1028.36
Labbe,Agnès,alabbe2@live.com,42,1961-07-29,32,3211.21
Sanchez,Julien,jsanchez@live.com,05,1974-01-19,43,2783.03
Gay,Nathalie,ngay@laposte.net,58,1941-11-08,24,1227.24
Grenier,Adrienne,agrenier1@tiscali.fr,67,1959-12-05,4,423.35
Charpentier,Paul,pcharpentier@noos.fr,05,1996-12-29,118,16500.29
Bouchet,Honoré,hbouchet@gmail.com,59,1965-10-16,102,13048.94
Potier,Manon,mpotier@tele2.fr,56,1945-03-03,12,435.23
Gaudin,Cécile,cgaudin@orange.fr,06,1997-04-19,92,9181.68
Lebreton,Céline,clebreton1@laposte.net,78,2002-12-28,138,10166.52
Leveque,Thérèse,tleveque@tiscali.fr,22,1995-01-19,92,7349.2
Sauvage,Marguerite,msauvage@dbmail.com,90,1971-10-06,79,11094.46
Lefebvre,Sophie,slefebvre@live.com,42,1951-02-23,85,9586.99
Da Silva,Louise,lda silva1@club-internet.fr,06,1993-07-20,7,180.34
Schmitt,Lucas,lschmitt@club-internet.fr,54,1959-03-22,35,4677.68
Marchand,Éric,emarchand1@gmail.com,63,1950-03-24,132,11482.02
Hoareau,Cécile,choareau3@sfr.fr,01,1993-12-21,97,12221.07
Legrand,Brigitte,blegrand2@gmail.com,73,1996-08-15,8,935.37
Carlier,Colette,ccarlier@yahoo.fr,58,2014-10-33,75,9434.07
Wagner,Sophie,swagner@club-internet.fr,22,1986-03-19,108,4666.61
Germain,Bernard,bgermain@club-internet.fr,39,1962-04-15,10,175.16
Fernandez,Noémi,nfernandez@bouygtel.fr,86,2006-12-31,46,1818.42
Pelletier,Juliette,jpelletier@gmail.com,14,1999-09-23,145,6345.17
Bousquet,Denise,dbousquet@free.fr,08,1981-09-23,64,6632.61
Cousin,Thierry,tcousin11@club-internet.fr,70,1993-08-24,56,3961.19
Legrand,Grégoire,glegrand1@orange.fr,69,1977-01-18,12,1107.25
Dubois,Paulette,pdubois1@dbmail.com,66,1965-03-17,64,5552.3
Ribeiro,Laetitia,lribeiro@gmail.com,36,1977-09-19,-11,1665.46
Lebrun,Guillaume,glebrun@bouygtel.fr,59,1990-05-26,127,15629.86
Petit,Timothée,tpetit@free.fr,16,1946-01-31,61,4127.43
Dupre,Marianne,mdupre2@voila.fr,51,1990-05-20,135,11687.37
Lebon,Benjamin,blebon@laposte.net,2C,1991-08-27,84,5610.36
Ferrand,Lucas,lferrand1@yahoo.fr,977,1972-02-23,108,15921.78
Descamps,Dominique,ddescamps1@live.com,2C,2001-09-01,50,2775.41
Tessier,Valérie,vtessier@tiscali.fr,54,1964-10-11,59,3252.26
Klein,Noël,nklein@live.com,66,1988-05-03,104,10818.31
Maillard,Christiane,cmaillard1@gmail.com,94,2001-10-03,61,2709.82
Launay,Guy,glaunay@dbmail.com,01,1980-12-11,-85,-10974.46
Maury,Élodie,emaury@sfr.fr,64,1945-08-07,75,417.68
Descamps,Marcelle,mdescamps4@gmail.com,05,1959-05-04,129,18047.78
Mahe,Hugues,hmahe@club-internet.fr,60,2002-12-23,18,803.69
Moreno,Adrienne,amoreno@sfr.fr,43,1951-09-12,96,11415.8
Gilles,Constance,cgilles.wanadoo.fr,978,1945-02-12,21,2373.84
Valentin,Matthieu,mvalentin2@dbmail.com,63,1994-11-04,73,5073.36
Lemoine,Alex,alemoine1@tele2.fr,2C,1949-09-08,33,3156.34
Lecomte,Élise,elecomte@dbmail.com,47,1961-09-09,112,1210.34
Le Roux,Benoît,ble roux@dbmail.com,48,1940-06-09,80,2732.22
Dumont,Anouk,adumont3@tiscali.fr,2C,1963-05-20,27,726.62
Langlois,Madeleine,mlanglois.tiscali.fr,82,2014-13-31,23,1042.92
Cordier,Marc,mcordier1@bouygtel.fr,2C,1948-07-23,56,8250.65
Ledoux,Margaux,mledoux@sfr.fr,33,1970-12-04,105,11173.04
Payet,Olivier,opayet@club-internet.fr,43,1962-04-12,148,10417.3
Arnaud,Marcel,marnaud1@gmail.com,22,2011-14-28,143,20254.74
Lemaitre,Gilles,glemaitre@free.fr,978,1984-02-08,18,494.09
Hernandez,Jean,jhernandez1@dbmail.com,88,1986-10-28,75,8862.52
Blot,Bernard,bblot@hotmail.fr,2C,2019-13-29,67,1927.12
Monnier,Lorraine,lmonnier@tiscali.fr,78,1989-09-03,7,164.23
Auger,Michelle,mauger.laposte.net,76,1967-05-20,146,20588.21
Giraud,Claire,cgiraud1@hotmail.fr,21,1951-11-10,90,12188.3
Daniel,Mathilde,mdaniel1@wanadoo.fr,972,1947-03-23,95,9413.99
Labbe,Lorraine,llabbe@voila.fr,83,1995-04-15,92,10669.84
Collin,Alphonse,acollin2@wanadoo.fr,84,1968-01-27,131,7506.38
Pichon,Gabrielle,gpichon1@orange.fr,2A,2000-01-09,43,3299.24
Blanc,Renée,rblanc@ifrance.com,50,1972-10-18,55,8118.03
Allain,Raymond,rallain@live.com,22,1974-12-02,90,5772.4
Grondin,Claudine,cgrondin@yahoo.fr,977,1967-07-18,33,2816.28
Klein,Alain,aklein2@sfr.fr,68,1970-07-02,91,6906.38
Levy,Christiane,clevy1@ifrance.com,43,2004-10-34,104,2166.27
Leroux,Geneviève,gleroux@noos.fr,04,2001-07-27,147,16099.26
Hamel,Élise,ehamel@hotmail.fr,87,2007-13-31,9,413.1
Courtois,Jeanne,jcourtois2@club-internet.fr,96,1942-09-25,135,10260.59
Jacob,Sabine,sjacob1@tiscali.fr,977,1963-01-08,118,2136.82
Levy,Marianne,mlevy2@club-internet.fr,23,1968-04-13,126,3078.36
Regnier,Éric,eregnier@ifrance.com,86,1958-09-23,12,538.14
David,Odette,odavid@sfr.fr,80,1954-02-08,104,2851.75
David,Geneviève,gdavid.noos.fr,40,1975-08-30,100,-13627.63
Simon,Monique,msimon1@bouygtel.fr,81,2020-11-32,78,3921.63
Boulanger,Matthieu,mboulanger@bouygtel.fr,971,1981-11-23,56,7311.73
Ollivier,Théodore,tollivier@yahoo.fr,971,1990-07-12,5,479.78
Dias,Josette,jdias@laposte.net,32,1980-11-11,76,3798.91
Marchand,Martine,mmarchand1@live.com,24,1973-07-18,36,3441.82
Guichard,Marthe,mguichard3@hotmail.fr,978,1969-10-24,3,237.98
Meunier,Pauline,pmeunier.yahoo.fr,21,1970-03-24,35,3852.16
Texier,Claire,ctexier@orange.fr,93,2016-16-34,17,1157.48
Royer,Roland,rroyer@voila.fr,61,2012-14-29,20,2952.12
Ferreira,Roger,rferreira@dbmail.com,32,2018-11-31,117,2851.72
Letellier,Dominique,dletellier@yahoo.fr,2A,1963-11-27,31,1169.32
Colin,Martin,mcolin2@orange.fr,66,1979-07-28,112,3929.91
Bonnet,Frédérique,fbonnet@laposte.net,55,1959-07-05,71,1569.99
Breton,Éléonore,ebreton@dbmail.com,14,1999-10-22,105,3131.45
Carre,Antoinette,acarre@voila.fr,47,1965-06-04,110,16411.66
Huet,Gilbert,ghuet@orange.fr,973,2009-11-34,38,4926.58
Rey,Claire,crey2@wanadoo.fr,39,1968-06-17,71,1365.24
Pinto,Jeannine,jpinto@laposte.net,19,1985-06-11,128,10625.16
Foucher,Aurore,afoucher@orange.fr,43,1989-09-23,89,9020.29
Lemoine,Thibault,tlemoine@free.fr,49,2007-16-35,13,1766.12
Gimenez,Vincent,vgimenez1@noos.fr,64,1983-11-03,31,4447.5
Delahaye,Nathalie,ndelahaye@laposte.net,69,1961-11-12,63,4846.9
Bonnet,Bertrand,bbonnet@laposte.net,57,1967-04-11,65,8673.75
Boulanger,Aurore,aboulanger@gmail.com,66,1987-03-20,107,2761.78
Gimenez,Bertrand,bgimenez@hotmail.fr,18,1963-06-30,120,8710.3
Descamps,Alain,adescamps4@noos.fr,96,1970-10-02,50,6773.24
Mary,Margaud,mmary2@tele2.fr,70,1956-02-02,150,6698.76
Arnaud,Laurence,larnaud@wanadoo.fr,41,1942-04-27,77,7497.68
Laurent,Raymond,rlaurent@bouygtel.fr,37,1996-04-07,132,-8373.85
Lefevre,Nathalie,nlefevre@noos.fr,96,1943-09-17,126,-4898.75
Fabre,Dominique,dfabre1@bouygtel.fr,74,2005-11-29,49,5745.66
Nguyen,Auguste,anguyen.voila.fr,59,1952-11-27,10,717.42
Lombard,Alice,alombard@live.com,92,1991-07-31,-121,-5642.24
Morel,Xavier,xmorel@bouygtel.fr,91,1997-08-11,54,1155.84
Foucher,Christelle,cfoucher1@yahoo.fr,972,1978-08-23,144,10012.79
Mary,André,amary@live.com,68,1946-01-17,150,10820.96
Gilles,Maggie,mgilles@tiscali.fr,94,1944-06-05,34,-4876.9
Simon,Joséphine,jsimon@free.fr,59,1995-05-24,130,18500.15
Bertrand,Jules,jbertrand@sfr.fr,50,1944-06-28,127,11222.34
Coste,Marie,mcoste@hotmail.fr,23,1978-06-19,21,351.13
Chartier,Isaac,ichartier@sfr.fr,96,2004-05-04,133,19383.06
Guillon,Claude,cguillon2@live.com,57,1948-11-11,22,2850.91
Da Costa,Alexandrie,ada costa@ifrance.com,82,1944-08-18,111,-1223.54
Chevallier,Édouard,echevallier1@voila.fr,10,1943-05-06,113,7486.89
Meyer,Brigitte,bmeyer@bouygtel.fr,10,1982-10-25,11,132.08
Bouchet,Frédéric,fbouchet1@orange.fr,59,1961-12-17,-34,-746.48
Brunet,Marthe,mbrunet@noos.fr,46,2012-14-30,57,3311.28
De Sousa,Valérie,vde sousa@sfr.fr,46,1990-07-06,57,8514.72
Martel,Michel,mmartel3@wanadoo.fr,47,1977-02-25,5,381.5
Bernier,Anastasie,abernier2@free.fr,03,1978-09-10,62,2241.3
Normand,Pénélope,pnormand@orange.fr,13,1999-03-20,146,15233.54
Berthelot,Élodie,eberthelot1@yahoo.fr,65,1977-11-27,58,4372.57
Diaz,Hugues,hdiaz@voila.fr,44,1985-05-14,-27,-3859.19
Grondin,Marc,mgrondin@live.com,60,1996-10-10,85,10181.92
Merle,Françoise,fmerle@noos.fr,91,1942-01-24,66,738.14
Coste,Claude,ccoste1@tele2.fr,08,1987-01-04,85,289.1
Dupont,Agnès,adupont2@free.fr,55,1951-05-14,127,10950.42
Julien,Yves,yjulien@free.fr,68,1966-12-28,53,-2064.46
Dias,Tristan,tdias@live.com,03,1943-06-14,104,660.15
Mercier,Stéphane,smercier@tiscali.fr,16,1951-09-22,132,6973.87
Pereira,Margot,mpereira.club-internet.fr,79,1975-09-03,52,794.01
Guyot,Joseph,jguyot@noos.fr,53,1969-07-07,3,264.18
Robert,Aimée,arobert@hotmail.fr,56,1966-06-07,66,9063.33
Reynaud,Dorothée,dreynaud@wanadoo.fr,11,2014-15-34,90,6522.28
Denis,Capucine,cdenis@wanadoo.fr,08,1984-11-12,127,927.85
Bonneau,Roger,rbonneau1@free.fr,79,1972-03-29,67,6945.4
Meyer,Tristan,tmeyer@voila.fr,49,1958-08-16,100,3277.0
Poulain,Laure,lpoulain1@club-internet.fr,23,1956-03-24,92,6405.53
Joly,Sophie,sjoly@tiscali.fr,14,1942-08-09,6,264.26
Masse,Colette,cmasse2@hotmail.fr,974,1947-03-28,148,19062.07
Royer,Andrée,aroyer1@free.fr,54,1974-06-26,147,20498.29
Lecoq,David,dlecoq@club-internet.fr,40,1982-08-14,82,10663.79
Picard,Stéphane,spicard12@sfr.fr,35,1985-04-13,45,1190.89
Duval,Sabine,sduval1@ifrance.com,06,1940-07-28,8,32.65
Maurice,Charles,cmaurice@live.com,14,1957-04-04,121,15071.88
Blin,Simone,sblin@voila.fr,34,1988-01-24,76,2016.7
Dupuis,Claude,cdupuis1@laposte.net,89,1976-01-02,71,8111.07
Roux,Brigitte,broux1@gmail.com,92,2003-10-27,57,8192.7
Pascal,Théophile,tpascal@voila.fr,08,1985-08-12,104,8368.7
Dupre,David,ddupre@wanadoo.fr,76,2013-14-34,38,5666.6
Bonnin,Alice,abonnin@hotmail.fr,15,1945-06-08,21,239.48
Rousset,William,wrousset@free.fr,92,1941-11-07,105,10055.23
Le Goff,Amélie,ale goff1@free.fr,66,1957-11-26,80,8242.5
Berger,Alexandria,aberger1@dbmail.com,92,1941-04-08,61,6986.46
Andre,Sophie,sandre@yahoo.fr,2C,1995-04-25,67,699.22
Lopes,Grégoire,glopes1@tele2.fr,95,1944-03-01,88,1413.7
Marie,Renée,rmarie@sfr.fr,971,1976-10-12,39,-400.18
Roux,Gilles,groux@ifrance.com,2A,1988-02-23,119,3476.14
Michel,Valérie,vmichel@free.fr,971,1962-05-28,46,5436.47
Pascal,Pénélope,ppascal@live.com,28,1954-11-02,101,10951.32
Lemoine,Luc,llemoine@yahoo.fr,2A,1956-08-08,42,5329.16
Pages,Gilles,gpages1@noos.fr,978,1984-10-20,16,314.13
Toussaint,Marine,mtoussaint1@bouygtel.fr,88,1959-02-18,38,3524.23
Schmitt,Dominique,dschmitt.laposte.net,67,1971-03-22,36,3097.07
Leconte,Monique,mleconte2@hotmail.fr,41,1962-08-21,98,4224.83
Rodriguez,Léon,lrodriguez@live.com,50,1942-12-04,114,7990.62
Lecomte,Xavier,xlecomte@dbmail.com,94,2005-04-03,-140,-17588.07
De Sousa,Lorraine,lde sousa@sfr.fr,14,1940-07-15,106,6828.76
De Sousa,Nathalie,nde sousa@free.fr,41,2013-15-30,151,4794.59
Albert,Marthe,malbert@ifrance.com,75,2008-12-33,26,1624.4
Faivre,Nath,nfaivre1@free.fr,84,1940-09-12,83,12375.33
Caron,Adrienne,acaron@orange.fr,49,2003-09-19,137,6678.19
Diallo,Yves,ydiallo@ifrance.com,07,2008-14-34,98,2413.22
Marchand,Arnaude,amarchand@dbmail.com,51,1984-01-24,144,13175.89
Bernier,Capucine,cbernier1@voila.fr,43,2005-06-27,59,3565.88
Petit,Célina,cpetit1@dbmail.com,36,1963-01-26,120,8333.99
Michel,Lorraine,lmichel@wanadoo.fr,58,1982-02-26,138,14847.68
Hernandez,Nicolas,nhernandez@orange.fr,71,1980-10-01,61,7521.03
Launay,Aimée,alaunay@live.com,56,1979-09-07,8,313.64
Fontaine,Suzanne,sfontaine@free.fr,31,1972-10-02,148,19736.7
Barbe,Jeanne,jbarbe@gmail.com,86,1988-08-10,65,4455.68
Remy,Célina,cremy1@club-internet.fr,43,1971-12-01,88,8260.6
Gomes,Bertrand,bgomes@sfr.fr,78,2000-08-26,96,1555.01
Tanguy,Anaïs,atanguy@wanadoo.fr,03,1992-11-25,36,1895.92
Vallee,Margot,mvallee@noos.fr,2C,1961-10-06,23,865.4
Jourdan,Margot,mjourdan@tiscali.fr,95,1940-10-23,135,13319.96
Fernandez,Isaac,ifernandez@yahoo.fr,31,1986-08-20,131,9772.39
Huet,Anouk,ahuet@orange.fr,12,1978-01-14,29,1605.22
Cohen,Victoire,vcohen@yahoo.fr,70,1957-01-14,78,10162.85
Etienne,Lucy,letienne2@dbmail.com,89,1956-04-30,137,-3079.92
Blanc,Margot,mblanc@sfr.fr,40,1946-01-24,137,17722.89
Dumont,Alexandrie,adumont1@wanadoo.fr,42,1973-07-12,120,877.52
Menard,Lucy,lmenard1@voila.fr,68,1991-08-27,87,10991.05
Simon,Marianne,msimon@orange.fr,02,1962-07-28,138,12701.68
Lemonnier,Suzanne,slemonnier@tele2.fr,85,2003-06-11,135,982.24
Sanchez,Zoé,zsanchez@ifrance.com,25,1974-01-08,138,9769.19
Pineau,Thibault,tpineau@wanadoo.fr,71,2020-16-30,92,447.41
Auger,Luce,lauger1@hotmail.fr,96,1951-05-09,123,9724.81
Perrin,Pénélope,pperrin@yahoo.fr,49,1980-08-21,31,1075.39
Gautier,Danielle,dgautier@dbmail.com,85,2014-12-31,79,4047.47
Chauvin,Amélie,achauvin1@noos.fr,32,1948-01-07,147,5478.27
Boyer,Georges,gboyer@wanadoo.fr,62,1943-08-16,127,11642.95
Arnaud,Anouk,aarnaud@dbmail.com,82,1952-06-15,65,-6041.43
Labbe,Étienne,elabbe1@free.fr,10,2000-12-28,106,14271.93
Leleu,Jacques,jleleu@wanadoo.fr,11,1995-02-12,113,5960.34
Nicolas,Thierry,tnicolas@orange.fr,26,1992-10-28,-47,-6389.03
Jacquet,Audrey,ajacquet1@tele2.fr,2C,1968-06-16,93,7821.03
Philippe,Bertrand,bphilippe@noos.fr,18,1966-02-19,102,4369.19
Devaux,Émilie,edevaux1@dbmail.com,27,1981-03-07,146,19474.83
Rousseau,Agnès,arousseau2@free.fr,65,1944-07-11,10,92.16
Cousin,Eugène,ecousin@gmail.com,85,1954-03-23,30,2106.77
Philippe,Anaïs,aphilippe1@free.fr,85,1961-03-11,134,6984.64
Carlier,Élisabeth,ecarlier1@bouygtel.fr,977,2001-12-23,142,21414.78
Germain,Michelle,mgermain1@bouygtel.fr,73,1957-04-26,136,13210.2
Hebert,Christelle,chebert2@hotmail.fr,65,1976-08-14,77,7872.33
Fouquet,Thérèse,tfouquet@bouygtel.fr,971,1970-08-21,56,2299.39
Hubert,Laurent,lhubert@bouygtel.fr,16,1985-03-24,134,3218.33
Leduc,Roger,rleduc1@tele2.fr,52,2020-15-35,126,18204.54
Francois,Marine,mfrancois2@orange.fr,09,1980-11-05,89,10416.22
Guillon,Astrid,aguillon@gmail.com,10,1999-02-14,39,2309.01
Hoareau,Constance,choareau1@bouygtel.fr,60,1985-02-28,62,4570.73
Hernandez,Margaret,mhernandez1@gmail.com,34,2018-11-35,117,16910.84
Pinto,daisy,dpinto@tele2.fr,62,1997-03-11,14,1960.24
Pereira,Josette,jpereira1@tele2.fr,61,1994-10-03,143,11865.24
Deschamps,Guy,gdeschamps@tele2.fr,45,1958-09-03,-120,-9633.59
Vallee,Margot,mvallee@hotmail.fr,27,2003-06-16,51,4162.09
Cohen,Emmanuelle,ecohen@dbmail.com,74,1942-10-18,59,4116.22
Perez,Valérie,vperez1@tiscali.fr,54,1997-07-01,124,13454.63
Vaillant,Émilie,evaillant1@sfr.fr,21,1977-05-01,135,4158.32
Jacquet,Sabine,sjacquet1@ifrance.com,16,2005-08-02,13,1330.75
Lenoir,Tristan,tlenoir@laposte.net,12,1993-09-11,24,1786.67
Leblanc,Catherine,cleblanc@ifrance.com,71,1973-01-02,147,10527.82
Boutin,Suzanne,sboutin@dbmail.com,64,1946-05-08,-68,-5571.77
Raynaud,Susanne,sraynaud@dbmail.com,44,2001-04-17,72,10555.93
Loiseau,Philippine,ploiseau@ifrance.com,972,1992-01-28,135,1024.04
Olivier,Corinne,colivier1@club-internet.fr,55,2004-07-13,145,15956.46
Poulain,Camille,cpoulain@hotmail.fr,50,1991-05-01,69,1189.79
Bouchet,Nathalie,nbouchet@hotmail.fr,08,1951-12-07,145,-7272.93
Lopes,Marie,mlopes2@orange.fr,96,1963-11-03,57,1188.66
Raynaud,Pauline,praynaud1@yahoo.fr,974,1979-05-24,96,2116.74
Traore,Robert,rtraore1@noos.fr,973,1979-04-05,82,10845.05
Descamps,Alex,adescamps3@voila.fr,31,1990-12-01,130,6148.92
Guillon,Guillaume,gguillon@yahoo.fr,89,1982-03-15,148,15324.85
Blot,Jérôme,jblot@tiscali.fr,17,1980-05-12,12,-1519.56
Techer,Renée,rtecher@wanadoo.fr,67,1976-12-24,93,3092.54
Georges,Jeanne,jgeorges1@yahoo.fr,18,1955-12-07,34,1012.66
Baudry,Frédéric,fbaudry@ifrance.com,978,2002-10-05,87,384.24
Perez,Frédéric,fperez1@sfr.fr,56,1992-02-18,18,1567.37
Bertrand,Maggie,mbertrand1@gmail.com,01,1942-09-28,116,11263.37
Lebon,André,alebon2@wanadoo.fr,04,1978-09-18,-47,-2041.16
Bigot,Océane,obigot@tele2.fr,17,1972-08-17,27,1254.21
Petit,Susan,spetit@wanadoo.fr,25,1942-03-20,61,7412.39
Masson,Clémence,cmasson1@voila.fr,95,1997-02-02,52,1694.33
Legendre,Michelle,mlegendre@ifrance.com,977,1950-07-07,50,6125.38
Dupuy,Aurélie,adupuy1@ifrance.com,2C,1941-12-17,127,1489.75
Marchand,Thibaut,tmarchand@free.fr,34,1950-02-24,5,19.11
Hoarau,Jacques,jhoarau@ifrance.com,58,1963-04-30,113,5610.16
Petit,Olivie,opetit@ifrance.com,28,1978-04-13,65,3948.45
Meyer,Claire,cmeyer@noos.fr,67,1953-04-18,14,1569.6
Andre,Thérèse,tandre@laposte.net,84,1988-10-12,121,16733.15
Bertrand,Roland,rbertrand@live.com,02,1947-10-15,62,643.46
Pages,Madeleine,mpages2@noos.fr,01,1987-10-14,107,1922.53
Sanchez,Margot,msanchez1@noos.fr,90,1960-08-14,15,840.13
Robin,Alain,arobin.wanadoo.fr,19,1972-12-28,106,9176.76
Bruneau,Victor,vbruneau@tele2.fr,25,1952-08-02,83,3789.9
Michel,Camille,cmichel2@yahoo.fr,76,1943-11-12,53,653.61
Fouquet,Grégoire,gfouquet1@yahoo.fr,95,1959-10-21,139,-14675.94
Begue,Grégoire,gbegue@club-internet.fr,48,2000-04-26,123,10122.03
Le Roux,Vincent,vle roux@yahoo.fr,37,2018-10-31,51,902.25
Ledoux,Simone,sledoux1@laposte.net,01,1963-10-01,11,733.07
Loiseau,Zoé,zloiseau.bouygtel.fr,74,1987-02-02,52,5969.35
Grenier,Anouk,agrenier1@wanadoo.fr,08,1956-09-09,-10,-1107.81
Peltier,Nathalie,npeltier@sfr.fr,71,1965-03-19,90,9692.33
Potier,Françoise,fpotier@club-internet.fr,16,1966-12-14,12,434.36
Nicolas,Nicolas,nnicolas@hotmail.fr,30,1957-06-09,5,706.24
Letellier,Gérard,gletellier@sfr.fr,75,1951-09-23,30,4498.96
Guichard,Patricia,pguichard@free.fr,33,1978-10-29,132,12426.12
Laine,Corinne,claine@yahoo.fr,23,1964-09-15,112,2918.6
Raynaud,Richard,rraynaud@wanadoo.fr,95,1957-02-02,14,163.87
Imbert,Frédéric,fimbert@voila.fr,19,1962-06-05,5,628.15
Laroche,Sylvie,slaroche@free.fr,36,1982-09-01,108,2872.28
Brun,Sébastien,sbrun@yahoo.fr,41,1998-12-22,14,894.78
Herve,Paul,pherve@noos.fr,01,1953-01-05,25,1266.82
Lacombe,Marcelle,mlacombe@noos.fr,977,2004-10-30,100,13465.58
Meyer,Chantal,cmeyer.yahoo.fr,2C,1948-09-23,58,6870.43
Thomas,Nicolas,nthomas@live.com,43,1960-07-27,39,3006.4
Fernandes,Noémi,nfernandes1@yahoo.fr,50,1953-08-15,22,392.78
Gilles,Thierry,tgilles@orange.fr,03,1993-07-31,9,469.07
Carlier,Philippine,pcarlier@tiscali.fr,72,1990-08-06,120,2621.36
Begue,Adèle,abegue2@sfr.fr,63,1948-05-11,25,2488.6
Gautier,Marcel,mgautier2@live.com,77,1957-10-06,148,5940.5
Petitjean,Denis,dpetitjean@wanadoo.fr,75,1942-12-02,107,5203.11
Regnier,Patricia,pregnier@hotmail.fr,38,1953-07-17,41,5765.04
Lopez,Émilie,elopez@yahoo.fr,61,1957-11-13,27,472.8
Barbe,Thibault,tbarbe@tiscali.fr,29,1944-11-01,137,8873.01
Chauvet,Aimée,achauvet1@voila.fr,977,1940-10-12,74,7395.99
Bonneau,Roger,rbonneau2@gmail.com,30,1990-12-23,103,11129.18
Moulin,Marine,mmoulin4@free.fr,71,2006-10-32,66,6177.43
Guerin,Andrée,aguerin1@hotmail.fr,72,1947-01-12,67,9830.32
Legrand,Laurence,llegrand1@wanadoo.fr,89,2005-16-29,77,8855.54
Rodriguez,Édouard,erodriguez1@tiscali.fr,75,1980-09-07,106,757.51
Laine,Alexandre,alaine3@hotmail.fr,33,1949-12-05,38,985.0
Dupre,Adèle,adupre13@hotmail.fr,44,1968-02-13,52,5989.87
Germain,Corinne,cgermain@voila.fr,29,1978-04-17,3,424.76
Legrand,Bertrand,blegrand@voila.fr,47,1957-04-10,111,7320.95
Gaudin,Vincent,vgaudin1@orange.fr,64,1957-07-31,151,18310.05
Lemonnier,André,alemonnier@tiscali.fr,2B,2004-12-29,62,6564.76
Francois,Aurore,afrancois2@orange.fr,2C,1953-03-22,31,1912.33
Renaud,Zoé,zrenaud@dbmail.com,55,1954-07-25,98,4977.28
Lebon,Augustin,alebon2@gmail.com,85,1964-05-23,146,16338.56
Guillon,Suzanne,sguillon1@bouygtel.fr,59,1971-12-19,32,3590.78
Fleury,Denise,dfleury@orange.fr,81,1940-10-05,45,591.68
Merle,Josette,jmerle.free.fr,35,1990-06-05,104,15545.77
Lagarde,Xavier,xlagarde@gmail.com,21,1943-08-12,134,456.44
Grondin,Georges,ggrondin1@laposte.net,16,1996-08-03,-115,-8287.72
Garcia,René,rgarcia@tele2.fr,974,1959-12-06,37,114.99
Charles,Alphonse,acharles1@orange.fr,18,1976-05-13,123,456.95
Mendes,Hélène,hmendes@gmail.com,59,1952-04-22,58,151.23
Navarro,Martin,mnavarro2@hotmail.fr,69,1960-06-20,76,4164.4
Salmon,Nathalie,nsalmon@hotmail.fr,16,1989-11-21,6,325.17
Michel,Danielle,dmichel1@dbmail.com,75,1996-03-17,32,2497.0
Vasseur,Nicole,nvasseur@gmail.com,84,1983-03-09,43,5920.41
Leclercq,Guillaume,gleclercq@club-internet.fr,04,1991-03-05,11,91.35
Lenoir,Bernadette,blenoir@wanadoo.fr,12,1967-11-24,77,6709.85
Dijoux,Arthur,adijoux.bouygtel.fr,92,1976-04-02,13,542.28
Godard,Thomas,tgodard2@dbmail.com,74,1992-05-02,125,14409.56
Girard,Hélène,hgirard@noos.fr,978,2007-11-31,61,1167.22
Labbe,Danielle,dlabbe@noos.fr,60,1963-12-04,73,820.39
Legendre,David,dlegendre2@noos.fr,19,2002-06-06,7,870.34
Bernard,Nath,nbernard1@voila.fr,04,1979-05-31,65,7401.76
Maillet,Gilbert,gmaillet@voila.fr,12,1969-07-25,78,6437.4
Besnard,Rémy,rbesnard.tele2.fr,31,1972-04-09,113,8577.83
Michel,Denis,dmichel1@voila.fr,33,2006-13-30,-73,-9620.58
Leveque,Alex,aleveque2@free.fr,37,1947-09-29,45,5902.66
Pinto,Pénélope,ppinto@laposte.net,96,1948-11-25,17,586.83
Pasquier,Daniel,dpasquier@hotmail.fr,89,1997-10-18,51,4056.8
Lefort,Thierry,tlefort1@club-internet.fr,46,1987-08-28,7,723.06
Lelievre,Emmanuelle,elelievre1@orange.fr,56,1951-03-29,81,7297.25
Bonnet,Paul,pbonnet@live.com,67,1951-02-07,29,2496.63
Lenoir,Philippine,plenoir@hotmail.fr,75,1948-05-06,93,10064.42
