nom,prénom,email,département,naissance,visites,dépenses
Bailly,Aurélie,abailly1@gmail.com,22,1986-09-22,54,2397.57
Baron,Léon,lbaron@live.com,02,1965-05-06,13,1952.22
Alves,Luc,lalves@ifrance.com,971,2005-05-19,91,10851.98
Fernandez,Jules,jfernandez1@hotmail.fr,77,1961-04-20,13,415.55
Lacombe,Léon,llacombe@dbmail.com,56,1967-06-30,138,15414.48
Humbert,Suzanne,shumbert@noos.fr,03,1950-11-29,83,11891.15
Carpentier,Marc,mcarpentier2@hotmail.fr,34,1979-07-22,55,4602.26
Ribeiro,Simone,sribeiro@orange.fr,24,1947-07-21,57,2149.18
Raymond,Philippe,praymond@laposte.net,53,1972-08-07,42,4066.12
Besson,Alexandrie,abesson1@wanadoo.fr,53,1976-06-16,150,6285.33
Gaillard,Zacharie,zgaillard@ifrance.com,972,1974-04-19,107,10469.18
Coulon,Laurence,lcoulon1@ifrance.com,81,1995-04-09,12,96.62
David,Marie,mdavid1@hotmail.fr,51,1952-10-21,139,5187.61
Michel,Jean,jmichel@voila.fr,78,1965-10-29,148,7347.47
Maillet,Marianne,mmaillet@tiscali.fr,12,1973-08-04,13,641.01
Guillaume,Véronique,vguillaume@bouygtel.fr,61,1985-08-14,104,13385.89
Meyer,Jules,jmeyer@free.fr,05,1985-12-18,137,2093.33
Wagner,Frédéric,fwagner@gmail.com,87,1940-01-06,103,4055.72
Teixeira,Gérard,gteixeira1@yahoo.fr,2B,1959-12-18,144,3007.54
Lebon,Jean,jlebon1@yahoo.fr,33,1987-07-01,112,9618.71
Gillet,Victor,vgillet@wanadoo.fr,92,1979-06-18,36,4109.49
Faivre,Frédérique,ffaivre@orange.fr,36,2002-10-22,40,3266.84
Richard,Adèle,arichard@live.com,35,1943-11-28,6,586.97
Tanguy,Nath,ntanguy@bouygtel.fr,89,1962-10-17,70,6753.16
Fernandez,Henri,hfernandez@voila.fr,24,1960-02-06,90,10816.73
Nicolas,Éric,enicolas@hotmail.fr,49,1957-02-07,18,2084.57
Thibault,Alex,athibault@bouygtel.fr,09,1947-05-27,29,2062.06
Besson,Marine,mbesson@noos.fr,14,1988-08-06,119,3325.08
Auger,Adélaïde,aauger1@noos.fr,43,1940-09-01,108,14309.86
Bernard,Alexandre,abernard@yahoo.fr,53,1992-11-20,26,1822.63
Maillot,Monique,mmaillot1@tiscali.fr,52,1997-05-20,9,355.93
Imbert,Victor,vimbert@live.com,81,1992-03-05,24,1651.76
Blin,Anouk,ablin2@hotmail.fr,55,2005-10-03,111,5881.06
Pereira,Gérard,gpereira1@tele2.fr,87,1961-06-15,30,191.72
Guyot,Henriette,hguyot@laposte.net,70,1961-08-29,7,883.7
Carpentier,Margot,mcarpentier1@tiscali.fr,89,1994-06-11,131,18276.89
Diallo,Jérôme,jdiallo1@wanadoo.fr,94,1973-03-22,114,3422.82
Royer,Théophile,troyer@ifrance.com,68,1981-02-26,65,1571.31
Riviere,Bertrand,briviere1@bouygtel.fr,30,1948-10-24,17,60.95
Salmon,Emmanuel,esalmon@gmail.com,39,1973-05-28,141,13132.67
Bernard,Colette,cbernard1@yahoo.fr,33,1960-09-13,18,914.11
Bonnet,Emmanuelle,ebonnet1@free.fr,56,1950-10-20,143,14864.08
Baudry,Nicole,nbaudry@yahoo.fr,89,1966-04-26,79,7225.73
Girard,Juliette,jgirard1@voila.fr,93,1968-09-25,71,4645.73
Bouvet,Zacharie,zbouvet@orange.fr,45,2004-09-09,125,18475.18
Gros,Adélaïde,agros@hotmail.fr,46,1953-02-18,36,4607.64
Durand,Alice,adurand3@bouygtel.fr,90,1949-08-18,27,3829.1
Marchand,Philippe,pmarchand2@wanadoo.fr,32,1996-04-29,51,4115.7
Merle,Thierry,tmerle@voila.fr,76,1961-09-28,51,7282.7
Cousin,Simone,scousin1@gmail.com,28,1943-04-21,65,7926.09
Blanchard,Stéphanie,sblanchard1@gmail.com,61,1985-05-13,78,6362.1
Michaud,Inès,imichaud@noos.fr,44,1968-07-14,121,5743.7
Caron,Célina,ccaron1@noos.fr,22,1942-04-01,72,2930.27
Pruvost,Suzanne,spruvost1@orange.fr,28,1948-09-29,60,1125.96
Durand,Timothée,tdurand@laposte.net,68,1951-02-27,42,1752.49
Seguin,Éléonore,eseguin1@bouygtel.fr,17,1995-04-19,115,9772.21
Bonnin,Stéphane,sbonnin@gmail.com,10,1971-05-26,63,8651.39
Hamel,Aurore,ahamel@dbmail.com,79,1943-03-17,112,8174.42
Herve,Alex,aherve3@free.fr,93,1940-02-23,135,12381.99
Chartier,Benoît,bchartier@tiscali.fr,08,1950-02-15,93,12980.34
Marchand,Suzanne,smarchand@tiscali.fr,2B,1946-03-26,133,4645.69
Barbier,daisy,dbarbier@laposte.net,2B,1942-10-13,23,3152.97
Leroux,Sébastien,sleroux@wanadoo.fr,2B,1965-08-16,22,1520.59
Lefebvre,Eugène,elefebvre@laposte.net,973,1963-04-06,106,6230.69
Perez,Aurore,aperez1@sfr.fr,54,1945-02-24,151,20523.69
Perrin,Maggie,mperrin3@gmail.com,32,1972-12-03,112,16694.2
Sanchez,Marcel,msanchez@wanadoo.fr,15,1952-01-31,11,329.23
Fouquet,Tristan,tfouquet@voila.fr,53,2000-10-14,15,2269.67
Albert,Aimé,aalbert1@ifrance.com,42,2005-10-05,56,1956.59
Laporte,Lucie,llaporte@live.com,88,1942-05-02,38,4013.97
Fernandes,Claire,cfernandes2@wanadoo.fr,51,1987-09-15,129,5039.17
Lemonnier,Aurélie,alemonnier1@live.com,05,1943-02-13,80,1246.19
Noel,Vincent,vnoel@hotmail.fr,19,1991-10-19,131,14928.72
Albert,Alain,aalbert4@gmail.com,87,1975-04-02,111,741.71
Roy,Émilie,eroy1@wanadoo.fr,48,1959-12-07,85,10457.94
Delmas,Gilbert,gdelmas@hotmail.fr,94,1980-03-26,57,4181.76
Francois,Margaret,mfrancois@tele2.fr,63,1997-12-18,36,1770.17
Roussel,Gilles,groussel@dbmail.com,48,1951-06-18,57,7380.15
Arnaud,Benjamin,barnaud@tiscali.fr,26,1988-11-11,138,2778.45
Morvan,Louise,lmorvan1@hotmail.fr,52,1992-09-25,73,8441.69
Lambert,Juliette,jlambert@tiscali.fr,19,1953-03-16,96,12782.6
Rodriguez,Margot,mrodriguez@bouygtel.fr,81,1978-08-25,45,171.68
Faivre,Denise,dfaivre@orange.fr,08,1944-12-19,26,229.44
Duhamel,Paulette,pduhamel@noos.fr,19,1954-11-23,6,301.81
Regnier,Lucie,lregnier1@yahoo.fr,23,1943-02-07,43,6406.95
Imbert,Véronique,vimbert@tiscali.fr,32,1960-12-25,76,2777.75
Blot,Éric,eblot1@free.fr,70,1959-07-04,134,5230.9
Dupuis,Juliette,jdupuis@free.fr,31,1993-12-14,103,1993.42
Marie,Auguste,amarie1@free.fr,50,1961-09-12,93,10400.95
Begue,Jules,jbegue@bouygtel.fr,2B,2002-08-24,104,5379.54
Lefebvre,Alex,alefebvre1@tele2.fr,49,1953-02-03,55,6586.62
Garcia,Suzanne,sgarcia@tiscali.fr,11,2000-09-06,66,4829.03
Letellier,Daniel,dletellier@hotmail.fr,03,1971-09-03,38,2589.04
Tessier,Isabelle,itessier@hotmail.fr,01,1959-12-23,105,1311.92
Couturier,René,rcouturier@tiscali.fr,84,1969-02-04,8,421.36
Mary,Yves,ymary@laposte.net,21,1973-03-29,127,18516.49
Pons,Maurice,mpons2@wanadoo.fr,58,1960-08-10,101,13316.19
Girard,Susan,sgirard@yahoo.fr,24,1986-04-02,125,4048.67
Valentin,Alix,avalentin2@live.com,90,1959-10-24,35,2877.97
Parent,Pierre,pparent1@free.fr,48,2001-01-04,57,2604.29
Deschamps,Roland,rdeschamps@wanadoo.fr,39,1975-08-11,112,13909.07
Girard,Victoire,vgirard@noos.fr,19,1998-07-29,91,4095.18
Dias,Madeleine,mdias@gmail.com,971,1957-10-19,151,16695.72
Hoarau,Suzanne,shoarau1@noos.fr,23,1965-08-24,24,1424.71
Dijoux,Patricia,pdijoux@voila.fr,92,1963-04-24,3,117.22
Barre,Alexandrie,abarre2@live.com,31,1955-02-09,21,1788.5
Levy,Roland,rlevy2@voila.fr,88,1972-05-31,98,3161.26
Vidal,Pauline,pvidal@dbmail.com,58,2000-03-18,76,8167.03
Dijoux,Gabrielle,gdijoux@tele2.fr,24,1958-02-09,66,1940.21
Gomes,Nicole,ngomes1@gmail.com,01,1943-06-15,38,1912.54
Hardy,Andrée,ahardy2@noos.fr,93,1996-04-01,36,754.83
Raynaud,Emmanuel,eraynaud@tiscali.fr,78,1965-06-09,147,9424.92
Blondel,daisy,dblondel1@sfr.fr,78,1997-03-24,15,1824.82
Barthelemy,Manon,mbarthelemy1@tele2.fr,90,1958-08-28,53,7525.8
Mathieu,Nathalie,nmathieu@wanadoo.fr,60,1958-10-09,111,3427.98
Lagarde,Sabine,slagarde1@live.com,39,1993-02-04,134,14709.59
Lacombe,Marthe,mlacombe3@sfr.fr,971,1964-10-29,38,402.64
Martel,Claude,cmartel1@free.fr,47,1964-06-17,126,8656.14
Jourdan,Brigitte,bjourdan@noos.fr,80,1973-02-25,113,15496.97
Klein,Roger,rklein@wanadoo.fr,35,1996-03-21,73,5477.91
Rousset,Marianne,mrousset1@hotmail.fr,23,2004-04-16,11,1309.36
Blin,André,ablin3@hotmail.fr,58,2004-07-13,83,7224.03
Carre,Maryse,mcarre1@orange.fr,87,1996-06-06,20,1671.82
Texier,Véronique,vtexier@orange.fr,29,1985-04-16,84,3156.74
Ferrand,Alexandre,aferrand1@free.fr,76,1973-01-20,76,1686.05
Guillet,Zoé,zguillet@laposte.net,62,2001-10-10,74,7415.83
Masse,Édouard,emasse1@voila.fr,25,1983-10-14,65,8046.4
Tanguy,Luce,ltanguy1@ifrance.com,90,1989-10-29,145,362.84
Jacquet,Christophe,cjacquet@bouygtel.fr,19,1986-02-06,132,19280.45
Maurice,Madeleine,mmaurice2@tiscali.fr,56,1987-06-11,28,2652.8
Carpentier,Jérôme,jcarpentier2@tele2.fr,09,1977-09-08,95,5751.63
Hamon,Adélaïde,ahamon@free.fr,73,1987-07-30,38,3186.21
Lefevre,Suzanne,slefevre1@bouygtel.fr,38,1977-04-12,27,758.59
Raynaud,Denise,draynaud@laposte.net,30,1984-01-23,15,1697.47
Masse,Louis,lmasse@live.com,15,1953-01-09,13,690.21
Raynaud,Julie,jraynaud@sfr.fr,94,1976-08-05,84,4660.9
Perrier,Anaïs,aperrier@orange.fr,01,1951-04-22,83,1261.85
Guerin,Yves,yguerin@wanadoo.fr,87,1992-02-07,117,6504.52
Normand,Bernadette,bnormand1@wanadoo.fr,90,1944-03-12,91,7187.4
Laine,Étienne,elaine2@bouygtel.fr,39,1986-10-16,91,5519.42
Delannoy,Jeanne,jdelannoy@wanadoo.fr,34,1989-05-29,148,3999.05
Thibault,Luce,lthibault1@live.com,27,1956-10-21,91,5469.04
Blot,Étienne,eblot@yahoo.fr,90,1980-03-06,83,3569.01
Andre,Hugues,handre@noos.fr,91,1976-09-17,130,17252.0
Reynaud,Thibault,treynaud1@live.com,13,1972-05-03,56,7539.69
Durand,Maurice,mdurand@dbmail.com,2A,1988-11-15,15,2277.17
Pineau,Marguerite,mpineau@free.fr,45,1946-08-08,108,4089.95
Pons,Gabriel,gpons@tele2.fr,15,1963-04-06,64,3889.52
Michaud,Thomas,tmichaud@yahoo.fr,64,1977-08-15,119,790.55
Bailly,Chantal,cbailly1@ifrance.com,32,1966-01-27,136,12009.85
Royer,Pauline,proyer@noos.fr,54,1981-06-17,74,2776.54
Masse,Aimé,amasse2@sfr.fr,21,1992-05-20,36,5278.34
Garnier,Benjamin,bgarnier@hotmail.fr,16,2001-08-14,103,971.72
Guillaume,Victoire,vguillaume@free.fr,91,1967-06-06,127,16407.74
Besnard,Manon,mbesnard1@free.fr,39,1969-11-14,149,15556.6
Rousseau,Auguste,arousseau2@tiscali.fr,90,1986-09-12,150,13808.29
Diaz,Pierre,pdiaz@live.com,52,1960-01-18,112,7773.35
Guibert,François,fguibert@noos.fr,15,1962-10-01,129,16967.48
Richard,Gilbert,grichard@laposte.net,87,1990-08-27,21,96.03
Techer,Daniel,dtecher1@voila.fr,31,1968-08-20,136,11215.02
Lambert,Marie,mlambert@free.fr,45,1994-07-10,93,13677.89
David,Sophie,sdavid1@orange.fr,41,1970-05-05,75,1971.57
Pascal,Jacques,jpascal@gmail.com,31,1994-06-04,43,2163.15
Deschamps,Adrien,adeschamps@wanadoo.fr,95,1979-03-20,81,10032.2
Jacquot,Gilles,gjacquot@wanadoo.fr,73,2001-01-25,83,1987.4
Charpentier,Luce,lcharpentier@noos.fr,17,1976-09-10,89,6453.72
Picard,Marcelle,mpicard3@tiscali.fr,47,1974-07-02,20,2129.88
Dias,Alphonse,adias3@tiscali.fr,38,1949-10-06,110,16646.69
Foucher,Marcelle,mfoucher1@tele2.fr,16,1946-01-05,57,8530.98
Maury,Marie,mmaury1@wanadoo.fr,69,1991-06-08,68,3998.97
Guerin,Renée,rguerin@hotmail.fr,62,1986-06-10,84,1521.08
Legendre,Agathe,alegendre1@hotmail.fr,71,1976-06-14,135,2154.72
Gallet,Zoé,zgallet@laposte.net,49,1958-01-14,64,8114.64
Gautier,Manon,mgautier2@sfr.fr,61,1948-01-21,54,5138.23
Salmon,David,dsalmon1@laposte.net,42,1970-06-16,60,2012.94
Girard,Nicolas,ngirard@orange.fr,44,1951-09-26,139,1735.67
Delaunay,Timothée,tdelaunay@laposte.net,17,1961-09-10,107,6544.82
Chartier,Laurence,lchartier@tele2.fr,69,1999-07-15,151,15786.54
Vallet,Michelle,mvallet1@voila.fr,28,1969-10-15,57,6545.06
Leclercq,Alphonse,aleclercq@bouygtel.fr,65,1961-11-10,25,782.93
Martins,Pauline,pmartins1@hotmail.fr,21,1951-05-07,110,16694.02
Guyot,Renée,rguyot@noos.fr,68,1950-07-09,148,21130.44
Besnard,Aurélie,abesnard2@noos.fr,69,2002-11-14,47,3809.46
Valette,Honoré,hvalette@orange.fr,14,1973-12-15,66,5847.47
Marion,Alexandria,amarion1@hotmail.fr,47,1958-12-12,45,1480.85
Voisin,Hugues,hvoisin@tele2.fr,86,1972-01-03,86,9299.63
Meyer,Nicole,nmeyer@live.com,89,1992-05-15,93,5893.29
Coste,René,rcoste@voila.fr,12,1957-02-16,40,5101.22
Payet,Jean,jpayet@hotmail.fr,73,1943-11-07,117,13733.09
Rocher,Josette,jrocher1@bouygtel.fr,14,2004-10-28,110,14616.57
Hardy,Constance,chardy1@dbmail.com,37,1946-07-17,111,11395.85
Simon,Agathe,asimon1@bouygtel.fr,81,2001-06-04,102,3248.73
Allard,Margot,mallard1@bouygtel.fr,22,1999-02-09,105,803.62
Breton,Maurice,mbreton@live.com,77,1947-02-01,111,6992.34
Picard,Adrien,apicard2@gmail.com,974,1973-04-16,107,13209.09
Clement,André,aclement@noos.fr,07,1987-07-31,103,11515.72
Jacques,Sabine,sjacques@yahoo.fr,54,1971-05-22,69,6116.22
Leveque,Valérie,vleveque@dbmail.com,66,1982-10-13,124,18749.77
Diallo,Charles,cdiallo2@hotmail.fr,75,1982-11-13,125,308.92
Peron,Jeannine,jperon@hotmail.fr,85,1983-02-04,104,14356.3
Legrand,Benjamin,blegrand@hotmail.fr,58,1982-10-26,55,3162.67
Bourgeois,Laetitia,lbourgeois@free.fr,67,1996-07-24,66,1630.5
Gerard,Céline,cgerard@sfr.fr,31,1951-03-15,3,54.85
Perrot,Aurélie,aperrot4@bouygtel.fr,2A,1967-04-05,86,12996.29
Duval,Margot,mduval1@tele2.fr,54,2001-09-18,62,5692.86
Royer,Michelle,mroyer1@gmail.com,89,1996-07-10,28,1774.06
Raymond,Océane,oraymond1@live.com,06,1963-03-23,95,14030.42
Lefevre,Simone,slefevre1@voila.fr,04,1940-01-06,77,10438.98
Peltier,Joseph,jpeltier@voila.fr,66,1971-03-06,14,1688.98
Garnier,Catherine,cgarnier@noos.fr,17,1955-04-20,62,7697.53
Marques,David,dmarques3@laposte.net,41,1987-06-14,45,4002.77
Leger,Louise,lleger@ifrance.com,18,1953-12-16,119,16511.52
Bourgeois,Margot,mbourgeois@bouygtel.fr,62,1976-02-25,101,1389.41
Thibault,Claudine,cthibault3@tele2.fr,82,2000-04-18,102,11663.57
Teixeira,Luc,lteixeira1@tiscali.fr,52,1981-09-14,64,3316.51
Millet,Margaud,mmillet2@gmail.com,21,1947-06-18,143,5274.13
Normand,Joseph,jnormand1@bouygtel.fr,83,1960-10-21,6,711.32
Salmon,Christiane,csalmon@tiscali.fr,50,1944-03-24,11,1238.68
Marchand,Patrick,pmarchand@orange.fr,23,1974-04-20,68,8009.34
Pinto,Michelle,mpinto@laposte.net,30,1956-09-07,125,864.3
Bernier,Gabrielle,gbernier@voila.fr,67,1949-09-20,147,19372.21
Ruiz,Alain,aruiz@wanadoo.fr,27,1949-05-13,19,1892.67
Dubois,Noémi,ndubois@free.fr,58,1958-05-08,74,3636.07
Cousin,Jérôme,jcousin@hotmail.fr,33,1956-08-15,34,1916.07
Vidal,Lucy,lvidal@voila.fr,971,2000-11-13,15,1689.61
Gerard,Lucie,lgerard1@noos.fr,64,1944-03-16,151,19962.63
Boucher,Auguste,aboucher1@tele2.fr,11,1991-05-16,132,7703.29
Martel,Honoré,hmartel@wanadoo.fr,54,1978-08-27,136,15897.01
Tessier,Louis,ltessier@gmail.com,17,2002-12-14,91,10942.15
Gaudin,Aimée,agaudin1@yahoo.fr,45,2005-02-23,60,6335.32
Tessier,Henri,htessier@tele2.fr,33,1985-06-05,104,212.67
Leger,Pierre,pleger@laposte.net,07,1954-03-15,137,7284.08
Michaud,Marie,mmichaud3@gmail.com,38,1988-06-04,11,1077.72
Bouchet,Augustin,abouchet1@free.fr,2B,1974-04-29,150,20559.69
Traore,Nathalie,ntraore@noos.fr,39,1940-06-28,65,5323.16
Paul,Bernard,bpaul@tele2.fr,90,1998-10-31,45,4860.94
Bonnin,Michel,mbonnin@live.com,84,1949-11-23,42,283.56
Gaillard,Gérard,ggaillard2@dbmail.com,972,1985-07-27,87,5495.84
Bernard,Corinne,cbernard1@noos.fr,78,1951-01-13,149,20937.39
Deschamps,Diane,ddeschamps@dbmail.com,23,1951-03-14,55,769.23
Menard,Agnès,amenard1@free.fr,02,1953-01-04,34,1971.87
Aubert,Catherine,caubert@ifrance.com,2A,1967-10-24,51,1064.06
Marion,Thibault,tmarion@noos.fr,25,1945-08-30,87,11790.07
Fleury,Alphonse,afleury5@wanadoo.fr,48,2004-08-26,100,3417.03
Grondin,Claude,cgrondin2@tele2.fr,65,1967-02-15,13,982.28
Munoz,Georges,gmunoz@sfr.fr,64,1946-09-11,35,1655.1
Robert,Pauline,probert@noos.fr,26,1981-09-19,146,11401.87
Leroux,Vincent,vleroux1@free.fr,07,2003-05-03,2,73.59
Vaillant,Claire,cvaillant2@live.com,46,1956-05-14,103,5620.25
Ferreira,Jeanne,jferreira@tele2.fr,87,1945-06-30,135,585.17
Bernier,Étienne,ebernier@wanadoo.fr,65,1971-02-27,83,2096.78
Marechal,Catherine,cmarechal1@bouygtel.fr,59,1987-11-27,71,7616.57
Lopez,Nicole,nlopez@noos.fr,38,1978-04-02,125,15980.54
Fouquet,Aurélie,afouquet1@tiscali.fr,71,1980-06-27,6,555.74
Olivier,Jeanne,jolivier@hotmail.fr,17,1965-03-16,84,4145.85
Antoine,Zacharie,zantoine@gmail.com,90,1940-09-22,78,2259.76
Lebrun,Anouk,alebrun2@voila.fr,87,1965-11-25,4,585.83
Costa,Jacques,jcosta@yahoo.fr,23,1967-05-05,15,631.79
Cordier,Sabine,scordier@noos.fr,63,1948-04-11,132,4776.4
Colin,Édith,ecolin1@dbmail.com,41,2004-11-28,138,10708.75
Pires,Josette,jpires@dbmail.com,17,1954-03-25,85,7084.87
Grenier,Yves,ygrenier@orange.fr,01,1961-07-10,21,1203.01
Charrier,Paul,pcharrier@gmail.com,25,1978-10-22,46,5418.11
Gautier,Christophe,cgautier1@live.com,62,1968-04-08,118,4281.07
Joubert,Joseph,jjoubert4@ifrance.com,62,1969-08-04,59,831.15
Langlois,Amélie,alanglois2@hotmail.fr,06,1961-05-10,84,2546.44
Duval,Zoé,zduval@noos.fr,14,1955-04-05,110,16532.03
Morel,Guillaume,gmorel@live.com,29,2001-07-25,85,1644.89
Leroy,Michelle,mleroy1@tele2.fr,59,1987-11-27,12,1184.71
Duhamel,Martine,mduhamel@wanadoo.fr,31,1941-12-01,109,5317.96
Ruiz,Céline,cruiz2@yahoo.fr,39,1970-05-21,124,10962.42
Rey,Margot,mrey2@noos.fr,70,1974-12-23,79,9736.41
Roussel,François,froussel1@live.com,16,1959-08-14,121,16848.32
Guyon,Thierry,tguyon@hotmail.fr,51,1951-06-05,77,6615.68
Gros,Guy,ggros@dbmail.com,83,1944-09-21,28,2756.16
Boulay,Adrienne,aboulay1@voila.fr,03,1981-11-21,113,16732.45
Prevost,Martine,mprevost@hotmail.fr,03,2001-06-09,92,8962.92
Pascal,Camille,cpascal1@tiscali.fr,80,2001-05-09,46,2836.62
Marechal,Aimé,amarechal2@hotmail.fr,34,1964-02-29,57,4777.89
Paris,Émile,eparis@live.com,93,1954-01-17,13,1731.5
Michaud,Vincent,vmichaud@ifrance.com,32,1966-11-18,48,2831.35
Camus,Virginie,vcamus@noos.fr,54,2001-12-17,58,1307.59
Ollivier,Odette,oollivier@hotmail.fr,45,1990-03-04,63,8155.19
Lagarde,Danielle,dlagarde1@tiscali.fr,05,1949-12-21,2,243.01
Perret,Andrée,aperret1@tele2.fr,80,1975-07-04,139,16672.0
Regnier,Michèle,mregnier1@hotmail.fr,85,1995-07-14,122,13738.23
Leroy,Sabine,sleroy@tele2.fr,04,1974-10-24,91,10300.24
Parent,Anouk,aparent3@tiscali.fr,974,1947-02-08,122,1143.13
Pasquier,Louise,lpasquier@voila.fr,55,1999-07-07,53,1129.38
Merle,Frédéric,fmerle@tele2.fr,67,1972-07-06,79,7318.18
Rodriguez,Théophile,trodriguez@sfr.fr,03,1977-12-14,105,2698.62
Pons,David,dpons2@tele2.fr,24,1977-07-15,79,10946.28
Marechal,Philippe,pmarechal@free.fr,81,1970-09-27,148,5298.37
Joubert,Margaud,mjoubert1@laposte.net,43,2004-10-13,88,8668.75
Lacombe,Suzanne,slacombe1@dbmail.com,37,1991-01-16,94,12080.73
Boucher,Nathalie,nboucher2@wanadoo.fr,07,1978-03-22,44,6423.46
Sauvage,Louis,lsauvage2@yahoo.fr,88,1994-04-15,120,13332.97
Lebreton,Anastasie,alebreton@dbmail.com,87,2003-05-20,59,5550.87
Joseph,Margot,mjoseph@sfr.fr,84,1961-10-07,34,4640.15
Charrier,Clémence,ccharrier@ifrance.com,60,1972-09-03,93,1287.9
Bertrand,Valentine,vbertrand@free.fr,62,1957-04-15,69,284.74
Meyer,Chantal,cmeyer@laposte.net,80,1950-09-24,32,2359.82
Morin,Augustin,amorin2@voila.fr,80,2001-03-19,42,2577.67
Hebert,Margaud,mhebert@wanadoo.fr,84,1976-07-18,148,11592.87
Allard,Astrid,aallard@orange.fr,08,1999-01-24,102,13080.01
Dias,Marthe,mdias2@hotmail.fr,40,1987-08-30,136,10315.47
Lefevre,Marthe,mlefevre1@ifrance.com,28,1999-08-20,98,4994.17
Pierre,Juliette,jpierre@tiscali.fr,72,1996-12-15,106,11273.76
Bernard,Anne,abernard@tele2.fr,45,1953-11-23,124,12905.1
Perrin,Alexandria,aperrin3@tiscali.fr,76,1947-03-17,98,7176.52
Pinto,Paulette,ppinto@bouygtel.fr,46,1950-03-10,136,4500.98
Laporte,Alix,alaporte1@wanadoo.fr,27,1946-05-28,128,18847.2
Perez,Lucy,lperez2@free.fr,81,1962-08-25,48,1641.89
Legros,Édouard,elegros1@voila.fr,32,1955-04-28,61,7317.28
Lopez,Susan,slopez@yahoo.fr,73,1991-07-08,57,3034.79
Nicolas,Victor,vnicolas2@ifrance.com,62,1997-06-07,116,1796.05
Clerc,Thomas,tclerc1@hotmail.fr,50,1996-02-15,139,15859.37
Pereira,Michèle,mpereira1@wanadoo.fr,39,2003-02-26,27,382.05
Perrin,Raymond,rperrin@tiscali.fr,972,1987-12-23,151,1849.08
Alves,Jean,jalves@ifrance.com,14,1990-04-09,10,993.38
Charles,Charles,ccharles1@voila.fr,16,1999-12-03,95,11946.11
Grondin,Henri,hgrondin1@orange.fr,59,1990-07-07,20,1730.72
Bonnin,Laetitia,lbonnin@voila.fr,62,1968-02-01,131,17681.82
Etienne,Anouk,aetienne1@orange.fr,32,1985-05-11,108,7510.65
Vallee,Roland,rvallee@laposte.net,69,1948-02-17,73,2930.04
Dijoux,Marie,mdijoux1@bouygtel.fr,46,1976-02-06,65,7961.5
Leger,Marianne,mleger@free.fr,973,1973-04-16,68,9661.16
Huet,Astrid,ahuet3@noos.fr,39,1944-08-09,71,8868.56
Auger,Maryse,mauger1@ifrance.com,971,1977-07-06,88,5332.75
Pineau,Olivie,opineau@ifrance.com,03,1984-05-12,142,2172.2
Vallee,Philippe,pvallee1@gmail.com,26,1970-07-22,9,448.07
Julien,Adrienne,ajulien2@bouygtel.fr,69,1995-07-21,45,2049.6
Lemoine,Benjamin,blemoine@ifrance.com,974,1952-05-07,101,2288.13
Fabre,Alexandre,afabre@bouygtel.fr,49,1984-10-08,23,3264.37
Menard,Benoît,bmenard@tele2.fr,22,1977-07-06,90,13194.34
Didier,Stéphanie,sdidier1@laposte.net,67,1989-10-09,21,2134.89
Toussaint,Mathilde,mtoussaint1@hotmail.fr,95,1970-05-27,28,1219.21
Costa,Victoire,vcosta@bouygtel.fr,50,1987-02-22,39,1989.87
Gosselin,Eugène,egosselin1@tiscali.fr,30,1986-08-12,16,1417.7
Dias,Marguerite,mdias1@ifrance.com,26,2004-05-05,91,11682.31
Baron,Jacques,jbaron@sfr.fr,78,1979-08-27,31,331.23
Pinto,William,wpinto@gmail.com,19,2000-01-08,25,270.36
Rolland,Brigitte,brolland@yahoo.fr,01,2002-01-05,15,1135.61
Gallet,Grégoire,ggallet@ifrance.com,94,1970-11-14,17,999.45
Allard,Élisabeth,eallard@tele2.fr,84,1991-08-25,133,834.52
Menard,Adèle,amenard@voila.fr,08,1981-02-08,38,5644.28
Thibault,Emmanuelle,ethibault@live.com,07,1946-09-16,74,10007.29
Navarro,Hortense,hnavarro@gmail.com,16,1945-12-31,136,2204.12
Gimenez,Odette,ogimenez@gmail.com,82,2001-08-01,119,12785.47
Albert,Thérèse,talbert1@dbmail.com,32,1985-05-05,114,10560.21
Paul,David,dpaul1@hotmail.fr,87,1988-11-30,3,136.1
Renaud,Isabelle,irenaud@sfr.fr,64,1951-05-09,95,8708.15
Collet,Pénélope,pcollet@tiscali.fr,972,1965-05-09,95,6090.72
Mallet,Astrid,amallet1@noos.fr,10,1969-06-20,51,2935.77
Teixeira,Yves,yteixeira@laposte.net,54,2003-01-27,149,22500.67
Guerin,Daniel,dguerin@sfr.fr,56,1974-09-25,132,3131.66
Delaunay,Louis,ldelaunay@bouygtel.fr,28,1974-05-03,38,1662.48
Gonzalez,Josette,jgonzalez@orange.fr,04,1974-09-20,11,1036.3
Chretien,Théophile,tchretien3@laposte.net,38,1950-11-08,55,5605.39
Bousquet,Jérôme,jbousquet@sfr.fr,95,1978-11-02,131,5959.07
Caron,David,dcaron1@wanadoo.fr,52,1999-09-09,49,1119.66
Leclercq,Claudine,cleclercq1@gmail.com,94,1989-01-17,137,1750.5
Lebrun,Mathilde,mlebrun1@dbmail.com,972,1991-11-22,39,1912.86
Humbert,Juliette,jhumbert2@bouygtel.fr,971,1960-03-15,81,7542.54
Delahaye,Amélie,adelahaye6@hotmail.fr,07,1983-09-17,52,4943.64
Fernandez,Victoire,vfernandez@tele2.fr,92,1954-07-24,49,7053.57
Joseph,Richard,rjoseph@laposte.net,90,1993-06-11,26,2711.08
Martins,Aurélie,amartins@tiscali.fr,58,2005-07-10,116,13543.38
Launay,Victor,vlaunay@ifrance.com,03,1986-02-22,139,9551.04
Hoareau,Jérôme,jhoareau@sfr.fr,2B,1999-10-24,77,8612.21
Brun,Sébastien,sbrun@gmail.com,93,1997-09-26,59,3003.46
Delahaye,Élodie,edelahaye@hotmail.fr,21,1997-01-15,134,8367.46
Richard,Anaïs,arichard@tiscali.fr,972,1964-03-08,92,3981.64
Lacroix,Maurice,mlacroix1@hotmail.fr,45,1973-11-25,141,19743.2
Schmitt,Pauline,pschmitt@noos.fr,87,1962-01-06,49,4824.46
Paris,Sylvie,sparis@hotmail.fr,78,1980-11-27,55,4326.85
Andre,Jean,jandre@voila.fr,54,1997-06-27,145,667.05
Costa,Camille,ccosta1@ifrance.com,29,1960-11-22,132,2035.56
Rousseau,Olivier,orousseau@yahoo.fr,60,1990-03-25,137,3089.21
Dufour,Agathe,adufour@tiscali.fr,83,1950-09-05,149,17727.25
Michel,René,rmichel2@tiscali.fr,74,1971-06-28,35,2089.6
Guillon,Éléonore,eguillon1@voila.fr,59,1965-08-17,68,4948.6
Dupuis,Françoise,fdupuis1@wanadoo.fr,61,1982-02-10,98,7061.63
Noel,Martine,mnoel@orange.fr,55,1971-05-04,143,1255.41
Samson,Zoé,zsamson@laposte.net,60,1963-11-20,2,107.65
Lucas,Patricia,plucas1@bouygtel.fr,16,1984-03-25,93,10765.56
Herve,Marthe,mherve@voila.fr,63,2001-06-01,52,6879.24
Schmitt,Maggie,mschmitt@voila.fr,65,2002-03-19,123,4897.5
Gaudin,Pauline,pgaudin1@tiscali.fr,28,1940-09-10,75,2159.31
Roux,Odette,oroux@tiscali.fr,45,1950-06-24,54,2619.62
Techer,Noémi,ntecher@yahoo.fr,46,1944-05-26,89,7596.08
Maurice,Sabine,smaurice@sfr.fr,33,1998-09-07,123,5280.65
Lebreton,Jacqueline,jlebreton1@noos.fr,03,1963-09-30,27,2433.61
Pierre,Margot,mpierre1@laposte.net,10,1946-02-18,126,726.68
Barbier,Geneviève,gbarbier@hotmail.fr,83,1999-10-22,151,5431.69
Rey,Henri,hrey@laposte.net,2B,1961-11-27,106,9766.85
Peron,Alexandria,aperon1@bouygtel.fr,67,1949-03-07,67,5870.49
Morel,Valérie,vmorel@hotmail.fr,14,1954-09-30,17,938.56
Lecomte,Maryse,mlecomte@hotmail.fr,58,1988-04-06,67,371.96
Delattre,Josette,jdelattre1@wanadoo.fr,55,1958-05-25,7,806.34
Gonzalez,Franck,fgonzalez@tiscali.fr,04,1973-05-07,126,7794.51
Barre,Corinne,cbarre1@orange.fr,51,1949-10-30,11,1021.57
Levy,Thibaut,tlevy1@gmail.com,95,1970-08-04,43,4549.98
Leconte,Christine,cleconte1@tiscali.fr,24,2002-02-09,125,15825.94
Gaillard,Céline,cgaillard@sfr.fr,51,1945-09-19,114,7739.5
Petitjean,Gabrielle,gpetitjean@wanadoo.fr,75,1975-10-19,64,1180.57
Collin,Noël,ncollin1@dbmail.com,87,1991-11-20,128,13470.05
Dubois,Agathe,adubois3@yahoo.fr,2B,1979-06-09,80,9757.37
Buisson,Alexandria,abuisson2@dbmail.com,69,1972-12-21,105,7969.57
Ruiz,Brigitte,bruiz@sfr.fr,49,1989-08-24,87,546.21
Legrand,Martine,mlegrand@noos.fr,55,1954-05-25,90,2274.29
Joseph,Laurence,ljoseph@ifrance.com,86,1969-06-25,110,10273.32
Buisson,Simone,sbuisson1@hotmail.fr,47,1988-02-27,150,19545.19
Rodrigues,Nathalie,nrodrigues1@dbmail.com,02,1954-06-09,89,7702.8
Jacquet,Théodore,tjacquet@free.fr,57,1978-04-06,62,4166.58
Blanchet,Alphonse,ablanchet@noos.fr,02,1968-07-26,11,1030.64
Marchand,Gérard,gmarchand@noos.fr,2B,1969-08-31,117,8864.42
Nicolas,Alexandre,anicolas2@voila.fr,42,1943-05-09,64,2424.02
Lebreton,Émile,elebreton@voila.fr,71,1973-01-16,31,4374.69
Pages,Pénélope,ppages1@bouygtel.fr,47,1979-08-06,3,112.12
Gonzalez,Nathalie,ngonzalez1@gmail.com,46,1992-05-14,103,9146.09
Etienne,Laurence,letienne1@tele2.fr,57,1946-08-04,36,3037.96
Pelletier,Laetitia,lpelletier1@live.com,2B,1999-11-09,68,3825.91
Barbier,Mathilde,mbarbier1@tiscali.fr,90,1959-08-02,122,17278.94
Herve,Édouard,eherve1@wanadoo.fr,88,1988-08-20,101,6980.64
Durand,William,wdurand@noos.fr,74,1972-03-24,33,2934.56
Dumont,William,wdumont@free.fr,85,2002-01-22,24,557.1
Lamy,Diane,dlamy1@yahoo.fr,2B,1986-06-28,120,13001.82
Goncalves,Henriette,hgoncalves1@wanadoo.fr,25,1991-09-03,57,4611.84
Daniel,Anastasie,adaniel1@tiscali.fr,14,1967-12-07,80,4354.3
Pottier,Claude,cpottier@dbmail.com,25,1985-11-20,115,5144.4
Mace,Josette,jmace@gmail.com,02,1973-11-27,16,876.57
Roussel,Henri,hroussel2@ifrance.com,37,1944-04-27,110,15386.61
Seguin,Philippine,pseguin@live.com,36,1952-09-02,126,9625.82
Gautier,David,dgautier1@gmail.com,30,1996-08-28,39,980.13
Brun,Adrienne,abrun@voila.fr,41,1987-01-13,50,3217.89
Bouvier,Hortense,hbouvier@bouygtel.fr,70,1998-12-18,54,3674.1
Texier,Honoré,htexier@yahoo.fr,59,1956-04-21,149,20601.88
Maillot,Madeleine,mmaillot@live.com,39,1955-03-04,104,1333.1
Blondel,Victor,vblondel@yahoo.fr,26,1940-05-27,128,11922.02
Carlier,Édouard,ecarlier7@bouygtel.fr,22,1946-06-02,63,666.4
Blanchard,Anouk,ablanchard@laposte.net,41,1955-08-26,59,1119.81
Bazin,Colette,cbazin1@hotmail.fr,94,1958-08-10,46,5163.51
Alexandre,Lorraine,lalexandre@sfr.fr,72,1961-01-23,31,2122.81
Leleu,Mathilde,mleleu2@dbmail.com,91,1964-11-13,26,3299.05
Labbe,Océane,olabbe@wanadoo.fr,76,1961-01-21,106,8468.97
Torres,Victor,vtorres2@tele2.fr,47,2003-02-23,54,6705.88
Lamy,Honoré,hlamy@wanadoo.fr,27,1993-09-16,132,3802.22
Turpin,Joséphine,jturpin1@voila.fr,94,1975-04-17,70,8052.63
Carre,Marguerite,mcarre3@voila.fr,29,1946-03-27,97,3406.31
Allain,Théodore,tallain@tiscali.fr,36,1981-01-19,111,8397.9
Legros,Sylvie,slegros@yahoo.fr,94,1997-12-28,69,5709.45
Guilbert,Joseph,jguilbert@gmail.com,69,1959-07-14,93,3983.23
Leroux,Marine,mleroux@bouygtel.fr,2A,1978-04-03,31,3880.58
Vidal,Bertrand,bvidal@live.com,68,1971-12-15,137,2354.26
Gomes,Bernadette,bgomes1@laposte.net,2B,1977-08-15,63,8193.44
Lesage,Nathalie,nlesage@wanadoo.fr,89,1972-03-14,66,1123.47
Leroux,Paulette,pleroux1@yahoo.fr,70,1970-04-28,149,18575.25
Lecomte,Emmanuel,elecomte@orange.fr,25,1978-10-18,130,9508.2
Vasseur,Maurice,mvasseur@tele2.fr,63,1942-11-08,118,8344.18
Morin,Michelle,mmorin@sfr.fr,21,1973-10-19,86,3556.42
Leroy,Alix,aleroy1@sfr.fr,972,1994-07-15,37,446.21
Samson,Jules,jsamson@dbmail.com,37,1955-06-07,115,7255.7
Gay,Clémence,cgay1@tiscali.fr,49,1993-04-25,52,4970.95
Neveu,Franck,fneveu@laposte.net,11,1944-01-02,147,17139.98
Durand,Pénélope,pdurand@live.com,09,1969-12-19,34,3180.28
Letellier,Aimée,aletellier@ifrance.com,94,2001-03-14,86,11217.72
Perrin,Camille,cperrin@tiscali.fr,971,2004-12-17,74,7034.62
Morvan,Frédéric,fmorvan1@voila.fr,62,1992-03-31,44,4123.66
Maillard,Aimée,amaillard@laposte.net,74,1951-11-29,39,4115.66
Gautier,Denise,dgautier1@noos.fr,84,1980-06-17,98,1156.95
Lesage,Céline,clesage@live.com,25,1995-04-28,93,1838.31
Breton,Christophe,cbreton1@gmail.com,21,1997-12-21,59,7652.78
Thibault,Pénélope,pthibault1@orange.fr,25,1968-02-06,62,8802.46
Charpentier,Brigitte,bcharpentier@laposte.net,76,2004-08-12,83,5226.94
Reynaud,Luce,lreynaud@ifrance.com,85,1986-07-16,89,3237.38
Jacob,Grégoire,gjacob@dbmail.com,15,1957-06-26,36,1388.75
Gillet,Simone,sgillet@orange.fr,60,1998-02-07,24,3068.12
Marchand,Claire,cmarchand1@dbmail.com,68,1990-06-21,38,5103.78
Leconte,Denise,dleconte@sfr.fr,89,1997-07-18,22,937.44
Baudry,Brigitte,bbaudry@bouygtel.fr,46,1953-02-13,105,7382.9
Barbe,Lucie,lbarbe@yahoo.fr,50,1970-02-12,120,14478.64
Delaunay,Paulette,pdelaunay@wanadoo.fr,2A,1943-07-25,83,4638.03
Berger,Maryse,mberger1@noos.fr,04,1998-12-30,64,9083.61
Maurice,Bernadette,bmaurice@tiscali.fr,14,1962-03-24,125,18875.56
Lebon,Jacqueline,jlebon1@dbmail.com,87,1988-06-21,5,687.18
Hoareau,Michel,mhoareau@gmail.com,24,1963-01-15,39,185.78
Goncalves,Adrien,agoncalves@live.com,973,1983-06-24,92,13431.29
Brunel,Jérôme,jbrunel@noos.fr,36,1999-11-09,146,21043.76
Jacquot,Stéphane,sjacquot1@bouygtel.fr,971,2004-09-28,30,68.49
Goncalves,Adèle,agoncalves1@live.com,44,1991-02-19,10,839.61
Meyer,Anastasie,ameyer2@bouygtel.fr,74,1960-09-30,107,10481.51
Boutin,Laure,lboutin3@tiscali.fr,38,1964-11-18,10,435.96
Mendes,Nicolas,nmendes@yahoo.fr,37,1972-12-27,88,6681.54
Barre,Geneviève,gbarre@yahoo.fr,41,1971-12-16,45,4583.24
Guilbert,Éléonore,eguilbert@live.com,52,1959-05-15,51,6660.02
Auger,Michelle,mauger@bouygtel.fr,80,1990-01-22,76,4240.66
Georges,Martin,mgeorges1@yahoo.fr,974,1987-07-26,112,4397.68
Rossi,Hélène,hrossi@free.fr,52,1947-06-29,96,220.91
Leclerc,François,fleclerc@tiscali.fr,47,2003-08-30,59,1225.5
Lemoine,Andrée,alemoine2@orange.fr,91,2005-03-08,114,10101.23
Leroux,Dorothée,dleroux@voila.fr,63,1944-05-24,85,2831.3
Roche,Chantal,croche@noos.fr,31,1949-02-20,10,1255.79
Toussaint,Jeannine,jtoussaint@wanadoo.fr,80,1954-09-07,119,15335.76
Bruneau,Chantal,cbruneau2@sfr.fr,27,1976-08-24,122,3379.15
Marchand,Paul,pmarchand1@noos.fr,11,1949-10-25,146,15952.29
Rousset,Margaret,mrousset1@laposte.net,87,1978-03-03,21,2415.43
Morvan,Thérèse,tmorvan@tiscali.fr,43,1986-10-01,93,10678.93
Moreau,Richard,rmoreau@gmail.com,17,1958-02-07,3,339.16
Ledoux,Paulette,pledoux@orange.fr,76,1957-10-04,38,222.3
Boulanger,Henri,hboulanger@noos.fr,44,1950-05-29,135,2459.0
Tessier,Louis,ltessier1@sfr.fr,04,1946-07-08,131,1517.98
Barre,Renée,rbarre@dbmail.com,94,1993-01-08,123,561.62
Vincent,Chantal,cvincent@orange.fr,06,1950-11-05,131,8377.39
Renault,Manon,mrenault3@orange.fr,62,1977-11-07,13,1001.97
Guilbert,Guillaume,gguilbert@dbmail.com,49,1999-08-28,74,3590.21
Clement,Nathalie,nclement@noos.fr,10,1979-10-21,107,15490.46
Wagner,Élodie,ewagner@voila.fr,40,1953-10-21,14,296.37
Leroux,Luce,lleroux1@yahoo.fr,971,2004-02-07,83,614.41
Lebreton,Alice,alebreton@gmail.com,56,1961-06-09,122,8093.31
Martin,Arthur,amartin1@orange.fr,21,1981-04-22,96,571.99
Bodin,Guy,gbodin@bouygtel.fr,75,2004-03-25,4,606.21
Perrier,Nath,nperrier@bouygtel.fr,05,1949-04-13,84,12382.14
Ramos,Édouard,eramos@tiscali.fr,60,1961-11-29,118,5957.49
Georges,Aurélie,ageorges1@live.com,39,2001-01-17,108,14740.76
Lenoir,Gabriel,glenoir@orange.fr,48,1967-10-03,25,873.38
Blin,Émilie,eblin@noos.fr,73,1951-03-17,85,2565.33
Bousquet,Lucy,lbousquet1@ifrance.com,34,1970-10-07,57,7893.21
Lebreton,Guillaume,glebreton@hotmail.fr,57,1988-04-09,27,1628.62
Diallo,Célina,cdiallo@orange.fr,85,1973-07-27,143,7418.94
Clerc,Édouard,eclerc@noos.fr,92,1970-08-07,131,17334.99
Lenoir,Arnaude,alenoir2@yahoo.fr,44,2002-09-15,67,6812.58
Martins,Alfred,amartins3@live.com,60,1985-04-19,95,5903.64
Rousseau,Amélie,arousseau1@ifrance.com,26,1954-11-15,74,5615.68
Lacroix,Joséphine,jlacroix1@yahoo.fr,80,1969-05-16,27,983.42
Hamel,Catherine,chamel1@bouygtel.fr,80,1966-06-11,46,2490.58
Costa,Maggie,mcosta3@yahoo.fr,90,1972-12-28,51,6053.36
Camus,Laurent,lcamus@tele2.fr,08,1951-09-20,9,1034.99
Baron,Gabriel,gbaron@tiscali.fr,09,1956-02-14,150,1689.13
Etienne,Stéphane,setienne1@hotmail.fr,25,1965-06-03,8,930.54
Bailly,Marthe,mbailly@dbmail.com,2A,1951-09-07,60,8489.85
Marchal,Cécile,cmarchal1@tele2.fr,35,1940-05-29,49,2471.59
Leleu,Jean,jleleu1@ifrance.com,13,1961-01-16,27,126.56
Bouvier,Virginie,vbouvier@orange.fr,79,1974-05-06,150,10276.02
Bouchet,Emmanuelle,ebouchet1@live.com,14,1959-12-04,79,10078.34
Fournier,William,wfournier@ifrance.com,70,1971-04-18,147,6817.25
Bonnet,Aurélie,abonnet1@tele2.fr,24,1978-02-01,84,12180.3
Neveu,Brigitte,bneveu@free.fr,74,1967-11-15,15,1000.43
Joseph,Michelle,mjoseph@live.com,79,1946-10-28,60,5939.59
Hamel,Anaïs,ahamel1@hotmail.fr,10,1941-06-01,103,15368.63
Guichard,Susanne,sguichard@sfr.fr,30,1997-05-11,112,14994.73
Alves,Xavier,xalves@yahoo.fr,971,1992-09-13,19,804.97
Delannoy,Laurence,ldelannoy@tiscali.fr,25,1987-06-28,88,12084.3
Bonnet,Grégoire,gbonnet@ifrance.com,43,1976-07-11,107,11456.02
Pasquier,Laure,lpasquier1@tele2.fr,15,1945-04-28,93,12349.38
Denis,Constance,cdenis@live.com,03,1988-12-16,134,11701.24
Dumas,Bernard,bdumas1@dbmail.com,45,1980-11-02,28,2048.61
Gimenez,Lucie,lgimenez@orange.fr,46,1979-09-21,148,8515.15
Rodriguez,Dorothée,drodriguez4@orange.fr,82,1986-05-30,32,1163.4
Georges,Marine,mgeorges1@bouygtel.fr,08,1994-10-18,16,1020.57
Pons,Louis,lpons@tiscali.fr,95,1969-05-14,31,1142.31
Chevalier,Laure,lchevalier@gmail.com,76,1964-11-15,58,7577.02
Pereira,Bernadette,bpereira1@wanadoo.fr,91,1955-07-11,67,4537.74
Dumont,David,ddumont@dbmail.com,972,1997-02-06,71,10304.65
Bailly,Patrick,pbailly@tele2.fr,59,1992-09-30,92,2672.82
Wagner,Anastasie,awagner2@tele2.fr,42,2005-11-30,10,992.09
Martel,Constance,cmartel1@live.com,07,1978-07-31,6,846.35
Muller,Marie,mmuller@hotmail.fr,41,1947-12-02,70,8703.38
Barre,Céline,cbarre8@gmail.com,13,1948-06-04,105,7512.85
Cohen,Catherine,ccohen3@tele2.fr,44,1961-02-17,9,1015.59
Letellier,Alfred,aletellier1@ifrance.com,61,1974-02-10,19,645.16
Guyon,Margaret,mguyon3@ifrance.com,67,1988-06-16,133,3576.13
Chauvet,Luc,lchauvet1@tele2.fr,42,1953-09-07,127,7538.93
Brun,Alfred,abrun1@laposte.net,37,2001-01-18,103,8702.68
Breton,Diane,dbreton1@wanadoo.fr,89,1967-09-11,141,20240.45
Blanchet,Josette,jblanchet@sfr.fr,18,1980-08-28,32,65.64
Duval,Virginie,vduval@live.com,07,2001-06-21,78,9637.76
Michaud,Brigitte,bmichaud@voila.fr,74,1996-05-11,73,6736.39
Boutin,Marthe,mboutin3@dbmail.com,2B,1957-02-16,33,1680.13
Boyer,Margaret,mboyer@tiscali.fr,35,1955-10-14,20,2117.07
Guibert,William,wguibert@bouygtel.fr,33,1963-08-23,112,8082.28
Perrier,Noémi,nperrier@laposte.net,62,2002-03-29,90,5260.45
Jean,Élisabeth,ejean@free.fr,90,1956-08-16,72,7980.5
Teixeira,Thomas,tteixeira@bouygtel.fr,42,1945-03-07,52,4538.02
Pichon,Frédéric,fpichon@live.com,39,1968-07-31,48,2171.95
Faure,Luce,lfaure@ifrance.com,42,1942-02-28,37,4317.46
Guibert,Virginie,vguibert@gmail.com,48,1963-04-22,4,444.45
Salmon,Manon,msalmon1@dbmail.com,33,1967-07-27,53,6686.22
Raynaud,Nicole,nraynaud@yahoo.fr,68,1960-04-07,51,3854.01
Colin,Matthieu,mcolin9@tiscali.fr,91,1980-08-23,38,5088.35
Faivre,Marguerite,mfaivre@ifrance.com,51,1987-08-25,149,15632.84
Guerin,Élisabeth,eguerin@bouygtel.fr,24,1995-06-12,66,7522.54
Adam,Philippine,padam@free.fr,84,1945-01-03,7,774.22
Rousseau,Suzanne,srousseau1@live.com,10,1965-03-13,115,5698.47
Voisin,Arthur,avoisin3@wanadoo.fr,48,1980-05-31,99,10309.16
Merle,Théodore,tmerle1@wanadoo.fr,11,1982-09-28,99,8545.62
Pasquier,Sophie,spasquier@ifrance.com,06,1990-03-08,96,9027.8
Brunel,Rémy,rbrunel@ifrance.com,95,1941-03-05,94,1812.08
Pottier,Thérèse,tpottier@gmail.com,01,1999-09-23,18,283.1
Martinez,Noémi,nmartinez@tele2.fr,23,1997-03-30,43,2659.38
Fabre,Guillaume,gfabre@dbmail.com,64,1985-05-13,54,6748.12
Moreno,Aimée,amoreno2@dbmail.com,80,1946-07-04,18,1599.13
Morel,Stéphanie,smorel1@orange.fr,72,1965-02-04,127,11191.25
Roger,Benoît,broger@voila.fr,46,1973-02-04,133,641.73
Chartier,Patricia,pchartier@voila.fr,55,1982-01-24,32,1076.91
Weber,Martine,mweber1@yahoo.fr,66,1988-12-16,49,7117.36
Baron,Adélaïde,abaron3@hotmail.fr,36,1950-12-16,90,12979.71
Bouchet,Théodore,tbouchet@tiscali.fr,23,1959-05-20,16,1161.67
Guichard,Olivier,oguichard@voila.fr,02,1966-07-15,117,14025.92
Georges,Alex,ageorges2@hotmail.fr,33,1962-09-04,33,4186.22
Lombard,Joséphine,jlombard@dbmail.com,32,1941-10-06,111,10351.69
Moreno,Gilbert,gmoreno@yahoo.fr,44,1964-09-09,37,2794.69
Pires,Claire,cpires2@orange.fr,62,1979-01-22,85,2962.73
Millet,Jérôme,jmillet1@gmail.com,42,1996-09-02,97,7200.97
Mace,Sylvie,smace@free.fr,64,1970-04-21,127,11818.42
Berger,Émilie,eberger@hotmail.fr,12,1974-09-29,32,1487.62
Hoarau,Stéphane,shoarau1@ifrance.com,972,2005-08-29,104,9465.97
Dupre,Madeleine,mdupre@noos.fr,44,2004-10-10,21,1361.87
Rousseau,Laurence,lrousseau2@hotmail.fr,36,1969-04-02,126,10226.61
Grondin,Luce,lgrondin1@gmail.com,57,1977-08-12,133,15915.08
Gomes,Christiane,cgomes1@tiscali.fr,86,2000-07-07,116,9094.0
Fouquet,Victor,vfouquet@tiscali.fr,52,1969-11-03,103,11713.61
Martins,Pauline,pmartins@free.fr,47,2003-08-26,12,646.06
Martineau,Nicolas,nmartineau@tiscali.fr,51,1977-06-20,65,3177.28
Besson,Pauline,pbesson1@live.com,31,1993-07-20,79,10156.16
Seguin,Isabelle,iseguin@tiscali.fr,46,1988-09-16,97,2353.52
Ruiz,Laurent,lruiz1@hotmail.fr,47,1960-09-23,98,8472.09
Gauthier,Georges,ggauthier@dbmail.com,19,1975-03-31,87,6463.29
Berger,Julien,jberger@laposte.net,64,2000-03-04,102,1623.58
Dufour,Océane,odufour@dbmail.com,08,1980-01-17,70,5476.99
Delaunay,Matthieu,mdelaunay@hotmail.fr,971,1955-12-12,117,5375.57
Joly,Bertrand,bjoly1@hotmail.fr,69,1995-08-09,27,2048.31
Voisin,Marcel,mvoisin5@sfr.fr,91,1961-11-09,122,1179.7
Pruvost,Émile,epruvost1@free.fr,52,1985-05-11,136,8385.21
Collet,Margaux,mcollet@voila.fr,68,2003-12-15,84,9628.2
